{
    "sessionId": "040ccf4b39cd558a97f20b4b8f7d0db3",
    "status": 0,
    "value": [
        {
            "level": "INFO",
            "message": "https://rawgit.com/marmelab/gremlins.js/master/gremlins.min.js 1:6691 \"gremlin\" \"formFiller\" \"input\" \"K\" \"in\" input#customer_code.maxwidthonsmartphone",
            "source": "console-api",
            "timestamp": 1574561900152
        },
        {
            "level": "INFO",
            "message": "https://rawgit.com/marmelab/gremlins.js/master/gremlins.min.js 1:3114 \"mogwai \" \"fps       \" 60.031216232441224",
            "source": "console-api",
            "timestamp": 1574561900260
        },
        {
            "level": "INFO",
            "message": "https://rawgit.com/marmelab/gremlins.js/master/gremlins.min.js 1:6691 \"gremlin\" \"formFiller\" \"input\" \"y\" \"in\" input#idprof4.maxwidth100onsmartphone.quatrevingtpercent",
            "source": "console-api",
            "timestamp": 1574561900261
        },
        {
            "level": "INFO",
            "message": "https://rawgit.com/marmelab/gremlins.js/master/gremlins.min.js 1:6691 \"gremlin\" \"formFiller\" \"input\" \"B\" \"in\" input#idprof5.maxwidth100onsmartphone.quatrevingtpercent",
            "source": "console-api",
            "timestamp": 1574561900471
        },
        {
            "level": "INFO",
            "message": "https://rawgit.com/marmelab/gremlins.js/master/gremlins.min.js 1:6691 \"gremlin\" \"formFiller\" \"input\" \"&\" \"in\" input#town.maxwidthonsmartphone.maxwidth100.quatrevingtpercent.ui-autocomplete-input",
            "source": "console-api",
            "timestamp": 1574561900471
        },
        {
            "level": "INFO",
            "message": "https://rawgit.com/marmelab/gremlins.js/master/gremlins.min.js 1:6691 \"gremlin\" \"formFiller\" \"input\" \"G\" \"in\" input#intra_vat.flat.maxwidthonsmartphone",
            "source": "console-api",
            "timestamp": 1574561900574
        },
        {
            "level": "INFO",
            "message": "https://rawgit.com/marmelab/gremlins.js/master/gremlins.min.js 1:6691 \"gremlin\" \"formFiller\" \"input\" \"^\" \"in\" input#idprof3.maxwidth100onsmartphone.quatrevingtpercent",
            "source": "console-api",
            "timestamp": 1574561900574
        },
        {
            "level": "INFO",
            "message": "https://rawgit.com/marmelab/gremlins.js/master/gremlins.min.js 1:3114 \"mogwai \" \"fps       \" 60.03121623244041",
            "source": "console-api",
            "timestamp": 1574561900780
        },
        {
            "level": "INFO",
            "message": "https://rawgit.com/marmelab/gremlins.js/master/gremlins.min.js 1:6691 \"gremlin\" \"formFiller\" \"input\" \"b\" \"in\" input#phone.maxwidth100onsmartphone.quatrevingtpercent",
            "source": "console-api",
            "timestamp": 1574561900780
        },
        {
            "level": "INFO",
            "message": "https://rawgit.com/marmelab/gremlins.js/master/gremlins.min.js 1:6691 \"gremlin\" \"formFiller\" \"input\" \"%\" \"in\" input#name.minwidth300",
            "source": "console-api",
            "timestamp": 1574561900884
        },
        {
            "level": "INFO",
            "message": "https://rawgit.com/marmelab/gremlins.js/master/gremlins.min.js 1:6691 \"gremlin\" \"formFiller\" \"input\" \"E\" \"in\" input#idprof5.maxwidth100onsmartphone.quatrevingtpercent",
            "source": "console-api",
            "timestamp": 1574561900884
        },
        {
            "level": "INFO",
            "message": "https://rawgit.com/marmelab/gremlins.js/master/gremlins.min.js 1:6691 \"gremlin\" \"formFiller\" \"input\" \"Z\" \"in\" input#fax.maxwidth100onsmartphone.quatrevingtpercent",
            "source": "console-api",
            "timestamp": 1574561900986
        },
        {
            "level": "INFO",
            "message": "https://rawgit.com/marmelab/gremlins.js/master/gremlins.min.js 1:6691 \"gremlin\" \"formFiller\" \"input\" \"Z\" \"in\" input#zipcode.maxwidthonsmartphone.maxwidth100.quatrevingtpercent.ui-autocomplete-input",
            "source": "console-api",
            "timestamp": 1574561900986
        },
        {
            "level": "INFO",
            "message": "https://rawgit.com/marmelab/gremlins.js/master/gremlins.min.js 1:6691 \"gremlin\" \"formFiller\" \"input\" \"(\" \"in\" input#url",
            "source": "console-api",
            "timestamp": 1574561901089
        },
        {
            "level": "INFO",
            "message": "https://rawgit.com/marmelab/gremlins.js/master/gremlins.min.js 1:6691 \"gremlin\" \"formFiller\" \"input\" \"R\" \"in\" input#idprof2.maxwidth100onsmartphone.quatrevingtpercent",
            "source": "console-api",
            "timestamp": 1574561901089
        },
        {
            "level": "INFO",
            "message": "https://rawgit.com/marmelab/gremlins.js/master/gremlins.min.js 1:3114 \"mogwai \" \"fps       \" 60.031216232441224",
            "source": "console-api",
            "timestamp": 1574561901191
        },
        {
            "level": "INFO",
            "message": "https://rawgit.com/marmelab/gremlins.js/master/gremlins.min.js 1:6691 \"gremlin\" \"formFiller\" \"input\" \"b\" \"in\" input#capital",
            "source": "console-api",
            "timestamp": 1574561901193
        },
        {
            "level": "INFO",
            "message": "https://rawgit.com/marmelab/gremlins.js/master/gremlins.min.js 1:6691 \"gremlin\" \"formFiller\" \"input\" \"P\" \"in\" input#phone.maxwidth100onsmartphone.quatrevingtpercent",
            "source": "console-api",
            "timestamp": 1574561901295
        },
        {
            "level": "INFO",
            "message": "https://rawgit.com/marmelab/gremlins.js/master/gremlins.min.js 1:6691 \"gremlin\" \"formFiller\" \"input\" \"R\" \"in\" input#name.minwidth300",
            "source": "console-api",
            "timestamp": 1574561901399
        },
        {
            "level": "INFO",
            "message": "https://rawgit.com/marmelab/gremlins.js/master/gremlins.min.js 1:6691 \"gremlin\" \"formFiller\" \"input\" \"i\" \"in\" textarea#address.quatrevingtpercent",
            "source": "console-api",
            "timestamp": 1574561901401
        },
        {
            "level": "INFO",
            "message": "https://rawgit.com/marmelab/gremlins.js/master/gremlins.min.js 1:6691 \"gremlin\" \"formFiller\" \"input\" \"1\" \"in\" input#intra_vat.flat.maxwidthonsmartphone",
            "source": "console-api",
            "timestamp": 1574561901506
        },
        {
            "level": "INFO",
            "message": "https://rawgit.com/marmelab/gremlins.js/master/gremlins.min.js 1:6691 \"gremlin\" \"formFiller\" \"input\" \"%\" \"in\" input#idprof6.maxwidth100onsmartphone.quatrevingtpercent",
            "source": "console-api",
            "timestamp": 1574561901608
        },
        {
            "level": "INFO",
            "message": "https://rawgit.com/marmelab/gremlins.js/master/gremlins.min.js 1:6691 \"gremlin\" \"formFiller\" \"input\" \"v\" \"in\" input#idprof3.maxwidth100onsmartphone.quatrevingtpercent",
            "source": "console-api",
            "timestamp": 1574561901714
        },
        {
            "level": "INFO",
            "message": "https://rawgit.com/marmelab/gremlins.js/master/gremlins.min.js 1:3114 \"mogwai \" \"fps       \" 60.031216232441224",
            "source": "console-api",
            "timestamp": 1574561901714
        },
        {
            "level": "INFO",
            "message": "https://rawgit.com/marmelab/gremlins.js/master/gremlins.min.js 1:6691 \"gremlin\" \"formFiller\" \"input\" \"y\" \"in\" input#idprof4.maxwidth100onsmartphone.quatrevingtpercent",
            "source": "console-api",
            "timestamp": 1574561901817
        },
        {
            "level": "INFO",
            "message": "https://rawgit.com/marmelab/gremlins.js/master/gremlins.min.js 1:6691 \"gremlin\" \"formFiller\" \"input\" \"(\" \"in\" input#idprof5.maxwidth100onsmartphone.quatrevingtpercent",
            "source": "console-api",
            "timestamp": 1574561901820
        },
        {
            "level": "INFO",
            "message": "https://rawgit.com/marmelab/gremlins.js/master/gremlins.min.js 1:6691 \"gremlin\" \"formFiller\" \"input\" \"!\" \"in\" input#idprof1.maxwidth100onsmartphone.quatrevingtpercent",
            "source": "console-api",
            "timestamp": 1574561901922
        },
        {
            "level": "INFO",
            "message": "https://rawgit.com/marmelab/gremlins.js/master/gremlins.min.js 1:6691 \"gremlin\" \"formFiller\" \"input\" \"Z\" \"in\" input#idprof3.maxwidth100onsmartphone.quatrevingtpercent",
            "source": "console-api",
            "timestamp": 1574561902025
        },
        {
            "level": "INFO",
            "message": "https://rawgit.com/marmelab/gremlins.js/master/gremlins.min.js 1:6691 \"gremlin\" \"formFiller\" \"input\" \"#\" \"in\" input#idprof3.maxwidth100onsmartphone.quatrevingtpercent",
            "source": "console-api",
            "timestamp": 1574561902128
        },
        {
            "level": "INFO",
            "message": "https://rawgit.com/marmelab/gremlins.js/master/gremlins.min.js 1:6691 \"gremlin\" \"formFiller\" \"input\" \"p\" \"in\" input#email",
            "source": "console-api",
            "timestamp": 1574561902231
        },
        {
            "level": "INFO",
            "message": "https://rawgit.com/marmelab/gremlins.js/master/gremlins.min.js 1:3114 \"mogwai \" \"fps       \" 60.03121623243958",
            "source": "console-api",
            "timestamp": 1574561902231
        },
        {
            "level": "INFO",
            "message": "https://rawgit.com/marmelab/gremlins.js/master/gremlins.min.js 1:6691 \"gremlin\" \"formFiller\" \"input\" \"E\" \"in\" input#idprof6.maxwidth100onsmartphone.quatrevingtpercent",
            "source": "console-api",
            "timestamp": 1574561902232
        },
        {
            "level": "INFO",
            "message": "https://rawgit.com/marmelab/gremlins.js/master/gremlins.min.js 1:6691 \"gremlin\" \"formFiller\" \"input\" \"*\" \"in\" input#idprof6.maxwidth100onsmartphone.quatrevingtpercent",
            "source": "console-api",
            "timestamp": 1574561902437
        },
        {
            "level": "INFO",
            "message": "https://rawgit.com/marmelab/gremlins.js/master/gremlins.min.js 1:6691 \"gremlin\" \"formFiller\" \"input\" \"U\" \"in\" input#capital",
            "source": "console-api",
            "timestamp": 1574561902438
        },
        {
            "level": "INFO",
            "message": "https://rawgit.com/marmelab/gremlins.js/master/gremlins.min.js 1:6691 \"gremlin\" \"formFiller\" \"input\" \"&\" \"in\" input#email",
            "source": "console-api",
            "timestamp": 1574561902540
        },
        {
            "level": "INFO",
            "message": "https://rawgit.com/marmelab/gremlins.js/master/gremlins.min.js 1:6691 \"gremlin\" \"formFiller\" \"input\" \"B\" \"in\" input#email",
            "source": "console-api",
            "timestamp": 1574561902644
        },
        {
            "level": "INFO",
            "message": "https://rawgit.com/marmelab/gremlins.js/master/gremlins.min.js 1:6691 \"gremlin\" \"formFiller\" \"input\" \"m\" \"in\" input#url",
            "source": "console-api",
            "timestamp": 1574561902644
        },
        {
            "level": "INFO",
            "message": "https://rawgit.com/marmelab/gremlins.js/master/gremlins.min.js 1:3114 \"mogwai \" \"fps       \" 59.880239520957105",
            "source": "console-api",
            "timestamp": 1574561902747
        },
        {
            "level": "INFO",
            "message": "https://rawgit.com/marmelab/gremlins.js/master/gremlins.min.js 1:6691 \"gremlin\" \"formFiller\" \"input\" \"n\" \"in\" input#email",
            "source": "console-api",
            "timestamp": 1574561902747
        },
        {
            "level": "INFO",
            "message": "https://rawgit.com/marmelab/gremlins.js/master/gremlins.min.js 1:6691 \"gremlin\" \"formFiller\" \"input\" \"h\" \"in\" input#phone.maxwidth100onsmartphone.quatrevingtpercent",
            "source": "console-api",
            "timestamp": 1574561902748
        },
        {
            "level": "INFO",
            "message": "https://rawgit.com/marmelab/gremlins.js/master/gremlins.min.js 1:6691 \"gremlin\" \"formFiller\" \"input\" \"a\" \"in\" input#idprof2.maxwidth100onsmartphone.quatrevingtpercent",
            "source": "console-api",
            "timestamp": 1574561902854
        },
        {
            "level": "INFO",
            "message": "https://rawgit.com/marmelab/gremlins.js/master/gremlins.min.js 1:6691 \"gremlin\" \"formFiller\" \"input\" \"#\" \"in\" input#url",
            "source": "console-api",
            "timestamp": 1574561902854
        },
        {
            "level": "INFO",
            "message": "https://rawgit.com/marmelab/gremlins.js/master/gremlins.min.js 1:6691 \"gremlin\" \"formFiller\" \"input\" \"A\" \"in\" input#name_alias_input.minwidth300",
            "source": "console-api",
            "timestamp": 1574561902957
        },
        {
            "level": "INFO",
            "message": "https://rawgit.com/marmelab/gremlins.js/master/gremlins.min.js 1:6691 \"gremlin\" \"formFiller\" \"input\" \"Z\" \"in\" input#idprof3.maxwidth100onsmartphone.quatrevingtpercent",
            "source": "console-api",
            "timestamp": 1574561902957
        },
        {
            "level": "INFO",
            "message": "https://rawgit.com/marmelab/gremlins.js/master/gremlins.min.js 1:6691 \"gremlin\" \"formFiller\" \"input\" \"p\" \"in\" input#phone.maxwidth100onsmartphone.quatrevingtpercent",
            "source": "console-api",
            "timestamp": 1574561903059
        },
        {
            "level": "INFO",
            "message": "https://rawgit.com/marmelab/gremlins.js/master/gremlins.min.js 1:6691 \"gremlin\" \"formFiller\" \"input\" \"q\" \"in\" input#fax.maxwidth100onsmartphone.quatrevingtpercent",
            "source": "console-api",
            "timestamp": 1574561903060
        },
        {
            "level": "INFO",
            "message": "https://rawgit.com/marmelab/gremlins.js/master/gremlins.min.js 1:5473 \"gremlin\" \"clicker   \" \"click\" \"at\" 96 267",
            "source": "console-api",
            "timestamp": 1574561903162
        },
        {
            "level": "INFO",
            "message": "https://rawgit.com/marmelab/gremlins.js/master/gremlins.min.js 1:3114 \"mogwai \" \"fps       \" 60.031216232442866",
            "source": "console-api",
            "timestamp": 1574561903180
        },
        {
            "level": "INFO",
            "message": "http://localhost/dolibarr/societe/list.php?type=p&leftmenu=prospects 214:13 \"initCheckForSelect mode=0 atleastoneselected=0\"",
            "source": "console-api",
            "timestamp": 1574561903633
        }
    ]
}