{
    "sessionId": "f90760913f4fee80433579ea2ef4dc6c",
    "status": 0,
    "value": [
        {
            "level": "INFO",
            "message": "https://rawgit.com/marmelab/gremlins.js/master/gremlins.min.js 1:6691 \"gremlin\" \"formFiller\" \"input\" \"K\" \"in\" input#customer_code.maxwidthonsmartphone",
            "source": "console-api",
            "timestamp": 1574562579825
        },
        {
            "level": "INFO",
            "message": "https://rawgit.com/marmelab/gremlins.js/master/gremlins.min.js 1:3114 \"mogwai \" \"fps       \" 60.03121623244041",
            "source": "console-api",
            "timestamp": 1574562579934
        },
        {
            "level": "INFO",
            "message": "https://rawgit.com/marmelab/gremlins.js/master/gremlins.min.js 1:6691 \"gremlin\" \"formFiller\" \"input\" \"8\" \"in\" input#idprof3.maxwidth100onsmartphone.quatrevingtpercent",
            "source": "console-api",
            "timestamp": 1574562579934
        },
        {
            "level": "INFO",
            "message": "https://rawgit.com/marmelab/gremlins.js/master/gremlins.min.js 1:6691 \"gremlin\" \"formFiller\" \"input\" \"T\" \"in\" input#url",
            "source": "console-api",
            "timestamp": 1574562579935
        },
        {
            "level": "INFO",
            "message": "https://rawgit.com/marmelab/gremlins.js/master/gremlins.min.js 1:6691 \"gremlin\" \"formFiller\" \"input\" \"l\" \"in\" input#zipcode.maxwidthonsmartphone.maxwidth100.quatrevingtpercent.ui-autocomplete-input",
            "source": "console-api",
            "timestamp": 1574562580042
        },
        {
            "level": "INFO",
            "message": "https://rawgit.com/marmelab/gremlins.js/master/gremlins.min.js 1:6691 \"gremlin\" \"formFiller\" \"input\" \"o\" \"in\" input#zipcode.maxwidthonsmartphone.maxwidth100.quatrevingtpercent.ui-autocomplete-input",
            "source": "console-api",
            "timestamp": 1574562580043
        },
        {
            "level": "INFO",
            "message": "https://rawgit.com/marmelab/gremlins.js/master/gremlins.min.js 1:6691 \"gremlin\" \"formFiller\" \"input\" \"(\" \"in\" input#intra_vat.flat.maxwidthonsmartphone",
            "source": "console-api",
            "timestamp": 1574562580145
        },
        {
            "level": "INFO",
            "message": "https://rawgit.com/marmelab/gremlins.js/master/gremlins.min.js 1:5473 \"gremlin\" \"clicker   \" \"click\" \"at\" 49 453",
            "source": "console-api",
            "timestamp": 1574562580147
        },
        {
            "level": "INFO",
            "message": "http://localhost/dolibarr/contact/list.php?leftmenu=contacts&type=p 214:13 \"initCheckForSelect mode=0 atleastoneselected=0\"",
            "source": "console-api",
            "timestamp": 1574562580418
        }
    ]
}