{
    "sessionId": "1da519592c2c6f1626501748cff69cee",
    "status": 0,
    "value": {
        "AT_TARGET": 2,
        "BUBBLING_PHASE": 3,
        "CAPTURING_PHASE": 1,
        "NONE": 0,
        "bubbles": false,
        "cancelBubble": false,
        "cancelable": false,
        "composed": false,
        "composedPath": {},
        "currentTarget": null,
        "defaultPrevented": false,
        "eventPhase": 0,
        "initEvent": {},
        "isTrusted": true,
        "path": [
            {
                "ELEMENT": "0.1820728034986574-1"
            },
            {
                "ELEMENT": "0.1820728034986574-2"
            },
            {
                "ELEMENT": "0.1820728034986574-3"
            },
            {
                "ELEMENT": "0.1820728034986574-4"
            }
        ],
        "preventDefault": {},
        "returnValue": true,
        "srcElement": null,
        "stopImmediatePropagation": {},
        "stopPropagation": {},
        "target": null,
        "timeStamp": 1387.3699999994642,
        "type": "load"
    }
}