<?xml version='1.0'?>
<ns2:test-suite xmlns:ns2='urn:model.allure.qatools.yandex.ru' start='1574561953124' stop='1574561958436'>
    <name>Monkey testing with gremlins </name>
    <title>Monkey testing with gremlins </title>
    <test-cases>
        <test-case start='1574561953126' status='failed' stop='1574561958411'>
            <name>it should not raise any error</name>
            <title>it should not raise any error</title>
            <labels>
                <label name='language' value='javascript'/>
                <label name='framework' value='wdio'/>
                <label name='thread' value='0-0'/>
            </labels>
            <parameters>
                <parameter kind='argument' name='browser' value='chrome'/>
                <parameter kind='environment-variable' name='capabilities' value='{"maxInstances":5,"browserName":"chrome"}'/>
                <parameter kind='environment-variable' name='spec files' value='["/home/njhurtado/MISO4208_201902_TestMen/testmen-worker-random/test/specs/gremlins-test.js"]'/>
            </parameters>
            <steps>
                <step start='1574561953131' status='passed' stop='1574561953625'>
                    <name>POST /wd/hub/session/c44a8610c9d1b400c10304c10d56fef8/url</name>
                    <title>POST /wd/hub/session/c44a8610c9d1b400c10304c10d56fef8/url</title>
                    <attachments>
                        <attachment title='Request' source='bc15317f-a047-4a1c-982e-6dac9c12efda-attachment.json' type='application/json' size='43'/>
                        <attachment title='Response' source='d5417454-a9b7-4abc-b24c-a4f9c72b9b20-attachment.json' type='application/json' size='91'/>
                    </attachments>
                    <steps/>
                </step>
                <step start='1574561953636' status='passed' stop='1574561953670'>
                    <name>POST /wd/hub/session/c44a8610c9d1b400c10304c10d56fef8/elements</name>
                    <title>POST /wd/hub/session/c44a8610c9d1b400c10304c10d56fef8/elements</title>
                    <attachments>
                        <attachment title='Request' source='c0f2678b-7da4-4723-8cf5-f581f3071501-attachment.json' type='application/json' size='60'/>
                        <attachment title='Response' source='bd226431-8518-4603-a563-b1abab1e9ccf-attachment.json' type='application/json' size='161'/>
                    </attachments>
                    <steps/>
                </step>
                <step start='1574561953672' status='passed' stop='1574561953700'>
                    <name>GET /wd/hub/session/c44a8610c9d1b400c10304c10d56fef8/element/0.43149364784855426-1/displayed</name>
                    <title>GET /wd/hub/session/c44a8610c9d1b400c10304c10d56fef8/element/0.43149364784855426-1/displayed</title>
                    <attachments>
                        <attachment title='Response' source='b42c6822-0887-4bd6-8c09-d89ea3dddeff-attachment.json' type='application/json' size='91'/>
                    </attachments>
                    <steps/>
                </step>
                <step start='1574561953706' status='passed' stop='1574561953734'>
                    <name>POST /wd/hub/session/c44a8610c9d1b400c10304c10d56fef8/element</name>
                    <title>POST /wd/hub/session/c44a8610c9d1b400c10304c10d56fef8/element</title>
                    <attachments>
                        <attachment title='Request' source='6d98121a-6f3d-41df-acda-c2ac01065e49-attachment.json' type='application/json' size='60'/>
                        <attachment title='Response' source='06fea0e0-c71e-494d-b8d6-86b722b60133-attachment.json' type='application/json' size='137'/>
                    </attachments>
                    <steps/>
                </step>
                <step start='1574561953738' status='passed' stop='1574561953763'>
                    <name>POST /wd/hub/session/c44a8610c9d1b400c10304c10d56fef8/element/0.43149364784855426-1/element</name>
                    <title>POST /wd/hub/session/c44a8610c9d1b400c10304c10d56fef8/element/0.43149364784855426-1/element</title>
                    <attachments>
                        <attachment title='Request' source='6a37116e-d686-4063-8171-c5e98a5fe384-attachment.json' type='application/json' size='72'/>
                        <attachment title='Response' source='a0f5a218-013e-4c0c-9d4d-d5293b799180-attachment.json' type='application/json' size='137'/>
                    </attachments>
                    <steps/>
                </step>
                <step start='1574561953772' status='passed' stop='1574561953843'>
                    <name>POST /wd/hub/session/c44a8610c9d1b400c10304c10d56fef8/element/0.43149364784855426-2/click</name>
                    <title>POST /wd/hub/session/c44a8610c9d1b400c10304c10d56fef8/element/0.43149364784855426-2/click</title>
                    <attachments>
                        <attachment title='Response' source='585121e6-0c29-4d56-ad76-75c0cb218fbe-attachment.json' type='application/json' size='91'/>
                    </attachments>
                    <steps/>
                </step>
                <step start='1574561953856' status='passed' stop='1574561953895'>
                    <name>POST /wd/hub/session/c44a8610c9d1b400c10304c10d56fef8/keys</name>
                    <title>POST /wd/hub/session/c44a8610c9d1b400c10304c10d56fef8/keys</title>
                    <attachments>
                        <attachment title='Request' source='49774c7f-f78d-42ec-a0b6-871777c7969d-attachment.json' type='application/json' size='88'/>
                        <attachment title='Response' source='88aa16df-47e3-4a9a-b719-91de33a52782-attachment.json' type='application/json' size='91'/>
                    </attachments>
                    <steps/>
                </step>
                <step start='1574561953899' status='passed' stop='1574561953927'>
                    <name>POST /wd/hub/session/c44a8610c9d1b400c10304c10d56fef8/element/0.43149364784855426-1/element</name>
                    <title>POST /wd/hub/session/c44a8610c9d1b400c10304c10d56fef8/element/0.43149364784855426-1/element</title>
                    <attachments>
                        <attachment title='Request' source='fdae9b50-74bc-4e09-81b0-13ca7d76e9d8-attachment.json' type='application/json' size='72'/>
                        <attachment title='Response' source='963c1b7a-6d86-4c8c-acdb-09c14bca2024-attachment.json' type='application/json' size='137'/>
                    </attachments>
                    <steps/>
                </step>
                <step start='1574561953933' status='passed' stop='1574561954001'>
                    <name>POST /wd/hub/session/c44a8610c9d1b400c10304c10d56fef8/element/0.43149364784855426-3/click</name>
                    <title>POST /wd/hub/session/c44a8610c9d1b400c10304c10d56fef8/element/0.43149364784855426-3/click</title>
                    <attachments>
                        <attachment title='Response' source='e50fd9dc-67e4-47bd-a4ca-3686c9040fb5-attachment.json' type='application/json' size='91'/>
                    </attachments>
                    <steps/>
                </step>
                <step start='1574561954006' status='passed' stop='1574561954068'>
                    <name>POST /wd/hub/session/c44a8610c9d1b400c10304c10d56fef8/keys</name>
                    <title>POST /wd/hub/session/c44a8610c9d1b400c10304c10d56fef8/keys</title>
                    <attachments>
                        <attachment title='Request' source='8854943f-3b00-4260-9c34-0bb39148c39a-attachment.json' type='application/json' size='153'/>
                        <attachment title='Response' source='48291f82-2d3d-4be0-8a6d-24131c2a7d80-attachment.json' type='application/json' size='91'/>
                    </attachments>
                    <steps/>
                </step>
                <step start='1574561954073' status='passed' stop='1574561954097'>
                    <name>POST /wd/hub/session/c44a8610c9d1b400c10304c10d56fef8/element/0.43149364784855426-1/element</name>
                    <title>POST /wd/hub/session/c44a8610c9d1b400c10304c10d56fef8/element/0.43149364784855426-1/element</title>
                    <attachments>
                        <attachment title='Request' source='d5e1df25-1c81-492d-a0b4-577bd2ca69c1-attachment.json' type='application/json' size='70'/>
                        <attachment title='Response' source='a45f8e5c-e257-4fe1-a1b2-04153d3e3b08-attachment.json' type='application/json' size='137'/>
                    </attachments>
                    <steps/>
                </step>
                <step start='1574561954102' status='passed' stop='1574561954909'>
                    <name>POST /wd/hub/session/c44a8610c9d1b400c10304c10d56fef8/element/0.43149364784855426-4/click</name>
                    <title>POST /wd/hub/session/c44a8610c9d1b400c10304c10d56fef8/element/0.43149364784855426-4/click</title>
                    <attachments>
                        <attachment title='Response' source='f9aa0504-26d0-4fad-bc80-8347ddc8eb65-attachment.json' type='application/json' size='91'/>
                    </attachments>
                    <steps/>
                </step>
                <step start='1574561954917' status='passed' stop='1574561954946'>
                    <name>POST /wd/hub/session/c44a8610c9d1b400c10304c10d56fef8/elements</name>
                    <title>POST /wd/hub/session/c44a8610c9d1b400c10304c10d56fef8/elements</title>
                    <attachments>
                        <attachment title='Request' source='ee5753be-d69a-47ec-9be5-791d5ed88023-attachment.json' type='application/json' size='62'/>
                        <attachment title='Response' source='6d7daca9-df0d-41cb-9193-47391afffd12-attachment.json' type='application/json' size='160'/>
                    </attachments>
                    <steps/>
                </step>
                <step start='1574561954948' status='passed' stop='1574561954983'>
                    <name>GET /wd/hub/session/c44a8610c9d1b400c10304c10d56fef8/element/0.4978310606965657-1/displayed</name>
                    <title>GET /wd/hub/session/c44a8610c9d1b400c10304c10d56fef8/element/0.4978310606965657-1/displayed</title>
                    <attachments>
                        <attachment title='Response' source='e7c96f50-3415-4dc1-a6c2-adfce5ee64a4-attachment.json' type='application/json' size='91'/>
                    </attachments>
                    <steps/>
                </step>
                <step start='1574561954994' status='passed' stop='1574561955026'>
                    <name>POST /wd/hub/session/c44a8610c9d1b400c10304c10d56fef8/element</name>
                    <title>POST /wd/hub/session/c44a8610c9d1b400c10304c10d56fef8/element</title>
                    <attachments>
                        <attachment title='Request' source='6e4ce1fa-2851-4714-9817-5c61a63673b1-attachment.json' type='application/json' size='69'/>
                        <attachment title='Response' source='81c51574-287a-4f85-b8ee-d58e8477a77b-attachment.json' type='application/json' size='136'/>
                    </attachments>
                    <steps/>
                </step>
                <step start='1574561955034' status='passed' stop='1574561955469'>
                    <name>POST /wd/hub/session/c44a8610c9d1b400c10304c10d56fef8/element/0.4978310606965657-2/click</name>
                    <title>POST /wd/hub/session/c44a8610c9d1b400c10304c10d56fef8/element/0.4978310606965657-2/click</title>
                    <attachments>
                        <attachment title='Response' source='abf905b4-329d-48a6-ab44-52dc59a16e9b-attachment.json' type='application/json' size='91'/>
                    </attachments>
                    <steps/>
                </step>
                <step start='1574561955476' status='passed' stop='1574561955549'>
                    <name>POST /wd/hub/session/c44a8610c9d1b400c10304c10d56fef8/elements</name>
                    <title>POST /wd/hub/session/c44a8610c9d1b400c10304c10d56fef8/elements</title>
                    <attachments>
                        <attachment title='Request' source='b5966452-7f00-4a4c-b52e-32660c5e3cdc-attachment.json' type='application/json' size='57'/>
                        <attachment title='Response' source='a7b106b1-d4b3-42d7-8e92-8a388046d5ae-attachment.json' type='application/json' size='161'/>
                    </attachments>
                    <steps/>
                </step>
                <step start='1574561955550' status='passed' stop='1574561955593'>
                    <name>GET /wd/hub/session/c44a8610c9d1b400c10304c10d56fef8/element/0.04939156902421127-1/displayed</name>
                    <title>GET /wd/hub/session/c44a8610c9d1b400c10304c10d56fef8/element/0.04939156902421127-1/displayed</title>
                    <attachments>
                        <attachment title='Response' source='ab3b99d3-bd09-4700-bb72-cf7a518ec5d7-attachment.json' type='application/json' size='91'/>
                    </attachments>
                    <steps/>
                </step>
                <step start='1574561955595' status='passed' stop='1574561955632'>
                    <name>POST /wd/hub/session/c44a8610c9d1b400c10304c10d56fef8/element</name>
                    <title>POST /wd/hub/session/c44a8610c9d1b400c10304c10d56fef8/element</title>
                    <attachments>
                        <attachment title='Request' source='0c49e5b7-8d8a-4abd-926a-72474a3f6564-attachment.json' type='application/json' size='83'/>
                        <attachment title='Response' source='6a918799-cb9f-4e59-93f5-b359af9043a6-attachment.json' type='application/json' size='137'/>
                    </attachments>
                    <steps/>
                </step>
                <step start='1574561955635' status='passed' stop='1574561956084'>
                    <name>POST /wd/hub/session/c44a8610c9d1b400c10304c10d56fef8/element/0.04939156902421127-2/click</name>
                    <title>POST /wd/hub/session/c44a8610c9d1b400c10304c10d56fef8/element/0.04939156902421127-2/click</title>
                    <attachments>
                        <attachment title='Response' source='7fb2a381-a710-4faa-90b6-6658c0d2ab3c-attachment.json' type='application/json' size='91'/>
                    </attachments>
                    <steps/>
                </step>
                <step start='1574561956092' status='passed' stop='1574561956101'>
                    <name>POST /wd/hub/session/c44a8610c9d1b400c10304c10d56fef8/timeouts/async_script</name>
                    <title>POST /wd/hub/session/c44a8610c9d1b400c10304c10d56fef8/timeouts/async_script</title>
                    <attachments>
                        <attachment title='Request' source='983890bc-dcef-4ea0-89b0-f981c2b60467-attachment.json' type='application/json' size='20'/>
                        <attachment title='Response' source='46802e77-5872-4e24-b349-c94fd4851e01-attachment.json' type='application/json' size='91'/>
                    </attachments>
                    <steps/>
                </step>
                <step start='1574561956105' status='passed' stop='1574561957060'>
                    <name>POST /wd/hub/session/c44a8610c9d1b400c10304c10d56fef8/execute_async</name>
                    <title>POST /wd/hub/session/c44a8610c9d1b400c10304c10d56fef8/execute_async</title>
                    <attachments>
                        <attachment title='Request' source='6c17688f-83d2-4486-9778-dc5e7ed01e7c-attachment.json' type='application/json' size='412'/>
                        <attachment title='Response' source='96b870c7-518d-4b17-b64e-889ac6e8fe9c-attachment.json' type='application/json' size='1070'/>
                    </attachments>
                    <steps/>
                </step>
                <step start='1574561957063' status='passed' stop='1574561957074'>
                    <name>POST /wd/hub/session/c44a8610c9d1b400c10304c10d56fef8/timeouts/async_script</name>
                    <title>POST /wd/hub/session/c44a8610c9d1b400c10304c10d56fef8/timeouts/async_script</title>
                    <attachments>
                        <attachment title='Request' source='397ede40-4e58-4d95-b716-dae43783c8ad-attachment.json' type='application/json' size='20'/>
                        <attachment title='Response' source='1b7d196e-e8f9-4ed6-99b2-bfb101a9d947-attachment.json' type='application/json' size='91'/>
                    </attachments>
                    <steps/>
                </step>
                <step start='1574561957078' status='passed' stop='1574561958230'>
                    <name>POST /wd/hub/session/c44a8610c9d1b400c10304c10d56fef8/execute_async</name>
                    <title>POST /wd/hub/session/c44a8610c9d1b400c10304c10d56fef8/execute_async</title>
                    <attachments>
                        <attachment title='Request' source='f70cb52c-5c9a-4cbf-8355-a81a7e641415-attachment.json' type='application/json' size='2279'/>
                        <attachment title='Response' source='15edb2d1-9456-4fc2-a650-17659303f7b4-attachment.json' type='application/json' size='1459'/>
                    </attachments>
                    <steps/>
                </step>
                <step start='1574561958237' status='failed' stop='1574561958411'>
                    <name>GET /wd/hub/session/c44a8610c9d1b400c10304c10d56fef8/screenshot</name>
                    <title>GET /wd/hub/session/c44a8610c9d1b400c10304c10d56fef8/screenshot</title>
                    <attachments>
                        <attachment title='Screenshot' source='c40fba98-041d-4383-9cab-b1cac48787ab-attachment.png' type='image/png' size='50272'/>
                    </attachments>
                    <steps/>
                </step>
                <step start='1574561958413' status='passed' stop='1574561958428'>
                    <name>POST /wd/hub/session/c44a8610c9d1b400c10304c10d56fef8/log</name>
                    <title>POST /wd/hub/session/c44a8610c9d1b400c10304c10d56fef8/log</title>
                    <attachments>
                        <attachment title='Request' source='7ece0ed5-73d0-4bca-afd3-834251d62c2d-attachment.json' type='application/json' size='25'/>
                        <attachment title='Response' source='816d0464-27a2-4551-a45d-7de298438152-attachment.json' type='application/json' size='4023'/>
                    </attachments>
                    <steps/>
                </step>
            </steps>
            <attachments/>
            <failure>
                <message>Failed: javascript error: Cannot read property 'createHorde' of undefined
                JavaScript stack:
                TypeError: Cannot read property 'createHorde' of undefined
                    at unleashGremlins (eval at executeAsyncScript (:457:5), &lt;anonymous>:33:31)
                    at eval (eval at executeAsyncScript (:457:5), &lt;anonymous>:56:4)
                    at eval (eval at executeAsyncScript (:457:5), &lt;anonymous>:56:29)
                    at executeAsyncScript (&lt;anonymous>:457:26)
                    at &lt;anonymous>:473:29
                    at callFunction (&lt;anonymous>:361:33)
                    at &lt;anonymous>:371:23
                    at &lt;anonymous>:372:3</message>
                <stack-trace>error properties: Object({ details: undefined, type: 'RuntimeError', seleniumStack: Object({ type: 'JavaScriptError', message: 'An error occurred while executing user supplied JavaScript.', orgStatusMessage: 'javascript error: Cannot read property 'createHorde' of undefined
                JavaScript stack:
                TypeError: Cannot read property 'createHorde' of undefined
                    at unleashGremlins (eval at executeAsyncScript (:457:5), &lt;anonymous>:33:31)
                    at eval (eval at executeAsyncScript (:457:5), &lt;anonymous>:56:4)
                    at eval (eval at executeAsyncScript (:457:5), &lt;anonymous>:56:29)
                    at executeAsyncScript (&lt;anonymous>:457:26)
                    at &lt;anonymous>:473:29
                    at callFunction (&lt;anonymous>:361:33)
                    at &lt;anonymous>:371:23
                    at &lt;anonymous>:372:3
                  (Session info: chrome=78.0.3904.70)
                  (Driver info: chromedriver=2.43.600233 (523efee95e3d68b8719b3a1c83051aa63aa6b10d),platform=Linux 5.0.0-32-generic x86_64)' }), shotTaken: true })
                    at &lt;Jasmine>
                    at executeAsync(&lt;Function>, 50000) - index.js:312:3</stack-trace>
            </failure>
        </test-case>
    </test-cases>
</ns2:test-suite>