<?xml version='1.0'?>
<ns2:test-suite xmlns:ns2='urn:model.allure.qatools.yandex.ru' start='1574562556866' stop='1574562562566'>
    <name>Monkey testing with gremlins </name>
    <title>Monkey testing with gremlins </title>
    <test-cases>
        <test-case start='1574562556867' status='failed' stop='1574562562543'>
            <name>it should not raise any error</name>
            <title>it should not raise any error</title>
            <labels>
                <label name='language' value='javascript'/>
                <label name='framework' value='wdio'/>
                <label name='thread' value='0-0'/>
            </labels>
            <parameters>
                <parameter kind='argument' name='browser' value='chrome'/>
                <parameter kind='environment-variable' name='capabilities' value='{"maxInstances":5,"browserName":"chrome"}'/>
                <parameter kind='environment-variable' name='spec files' value='["/home/njhurtado/MISO4208_201902_TestMen/testmen-worker-random/test/specs/gremlins-test.js"]'/>
            </parameters>
            <steps>
                <step start='1574562556873' status='passed' stop='1574562557310'>
                    <name>POST /wd/hub/session/f0f9e7bacd36c1d523ef411ca9619726/url</name>
                    <title>POST /wd/hub/session/f0f9e7bacd36c1d523ef411ca9619726/url</title>
                    <attachments>
                        <attachment title='Request' source='ae44d649-606f-4926-8399-b73797b4041f-attachment.json' type='application/json' size='43'/>
                        <attachment title='Response' source='f7e03d00-2ff3-45d1-9472-f92683273982-attachment.json' type='application/json' size='91'/>
                    </attachments>
                    <steps/>
                </step>
                <step start='1574562557323' status='passed' stop='1574562557354'>
                    <name>POST /wd/hub/session/f0f9e7bacd36c1d523ef411ca9619726/elements</name>
                    <title>POST /wd/hub/session/f0f9e7bacd36c1d523ef411ca9619726/elements</title>
                    <attachments>
                        <attachment title='Request' source='7eebbd8a-814d-449d-86eb-a5e5b2ac28c2-attachment.json' type='application/json' size='60'/>
                        <attachment title='Response' source='3704bd93-eb9d-4700-9064-6709a28e1afd-attachment.json' type='application/json' size='161'/>
                    </attachments>
                    <steps/>
                </step>
                <step start='1574562557357' status='passed' stop='1574562557389'>
                    <name>GET /wd/hub/session/f0f9e7bacd36c1d523ef411ca9619726/element/0.20329797597635735-1/displayed</name>
                    <title>GET /wd/hub/session/f0f9e7bacd36c1d523ef411ca9619726/element/0.20329797597635735-1/displayed</title>
                    <attachments>
                        <attachment title='Response' source='88ffcb7b-def5-4c55-814f-47b49af32b8f-attachment.json' type='application/json' size='91'/>
                    </attachments>
                    <steps/>
                </step>
                <step start='1574562557394' status='passed' stop='1574562557423'>
                    <name>POST /wd/hub/session/f0f9e7bacd36c1d523ef411ca9619726/element</name>
                    <title>POST /wd/hub/session/f0f9e7bacd36c1d523ef411ca9619726/element</title>
                    <attachments>
                        <attachment title='Request' source='92457069-b7b0-49a6-af2c-7280abfb1e80-attachment.json' type='application/json' size='60'/>
                        <attachment title='Response' source='4a4f072e-8ce3-438a-819e-fe67aa365492-attachment.json' type='application/json' size='137'/>
                    </attachments>
                    <steps/>
                </step>
                <step start='1574562557429' status='passed' stop='1574562557501'>
                    <name>POST /wd/hub/session/f0f9e7bacd36c1d523ef411ca9619726/element/0.20329797597635735-1/element</name>
                    <title>POST /wd/hub/session/f0f9e7bacd36c1d523ef411ca9619726/element/0.20329797597635735-1/element</title>
                    <attachments>
                        <attachment title='Request' source='5b75704b-c497-4388-9a21-b2994d37a7d3-attachment.json' type='application/json' size='72'/>
                        <attachment title='Response' source='76f856ea-6cbb-4334-bf84-7eb85ae72250-attachment.json' type='application/json' size='137'/>
                    </attachments>
                    <steps/>
                </step>
                <step start='1574562557502' status='passed' stop='1574562557546'>
                    <name>POST /wd/hub/session/f0f9e7bacd36c1d523ef411ca9619726/element/0.20329797597635735-2/click</name>
                    <title>POST /wd/hub/session/f0f9e7bacd36c1d523ef411ca9619726/element/0.20329797597635735-2/click</title>
                    <attachments>
                        <attachment title='Response' source='d2fd47a5-32f2-4bb2-82cb-43ecd404608e-attachment.json' type='application/json' size='91'/>
                    </attachments>
                    <steps/>
                </step>
                <step start='1574562557559' status='passed' stop='1574562557596'>
                    <name>POST /wd/hub/session/f0f9e7bacd36c1d523ef411ca9619726/keys</name>
                    <title>POST /wd/hub/session/f0f9e7bacd36c1d523ef411ca9619726/keys</title>
                    <attachments>
                        <attachment title='Request' source='44a8c4db-9ca0-4466-af5e-8582505983d9-attachment.json' type='application/json' size='88'/>
                        <attachment title='Response' source='8c44bf67-ec01-414f-aa51-20d18e9ebf86-attachment.json' type='application/json' size='91'/>
                    </attachments>
                    <steps/>
                </step>
                <step start='1574562557601' status='passed' stop='1574562557625'>
                    <name>POST /wd/hub/session/f0f9e7bacd36c1d523ef411ca9619726/element/0.20329797597635735-1/element</name>
                    <title>POST /wd/hub/session/f0f9e7bacd36c1d523ef411ca9619726/element/0.20329797597635735-1/element</title>
                    <attachments>
                        <attachment title='Request' source='1ad90919-dabe-490f-9591-97138ecbb7b6-attachment.json' type='application/json' size='72'/>
                        <attachment title='Response' source='05e33273-1b18-4d38-9515-94014f724f9f-attachment.json' type='application/json' size='137'/>
                    </attachments>
                    <steps/>
                </step>
                <step start='1574562557630' status='passed' stop='1574562557700'>
                    <name>POST /wd/hub/session/f0f9e7bacd36c1d523ef411ca9619726/element/0.20329797597635735-3/click</name>
                    <title>POST /wd/hub/session/f0f9e7bacd36c1d523ef411ca9619726/element/0.20329797597635735-3/click</title>
                    <attachments>
                        <attachment title='Response' source='e94ba173-25b5-4e93-81c0-aad84f85b358-attachment.json' type='application/json' size='91'/>
                    </attachments>
                    <steps/>
                </step>
                <step start='1574562557703' status='passed' stop='1574562557763'>
                    <name>POST /wd/hub/session/f0f9e7bacd36c1d523ef411ca9619726/keys</name>
                    <title>POST /wd/hub/session/f0f9e7bacd36c1d523ef411ca9619726/keys</title>
                    <attachments>
                        <attachment title='Request' source='bf6d3878-6ea7-42f9-92d2-8618132aa2ca-attachment.json' type='application/json' size='153'/>
                        <attachment title='Response' source='12ce63af-4541-4112-a2a3-b409b7a87f2a-attachment.json' type='application/json' size='91'/>
                    </attachments>
                    <steps/>
                </step>
                <step start='1574562557769' status='passed' stop='1574562557796'>
                    <name>POST /wd/hub/session/f0f9e7bacd36c1d523ef411ca9619726/element/0.20329797597635735-1/element</name>
                    <title>POST /wd/hub/session/f0f9e7bacd36c1d523ef411ca9619726/element/0.20329797597635735-1/element</title>
                    <attachments>
                        <attachment title='Request' source='cf92c7a6-cdcb-43c9-9c6f-d84e2b847cee-attachment.json' type='application/json' size='70'/>
                        <attachment title='Response' source='87794cdc-223c-454f-aa7b-6e3e23087d28-attachment.json' type='application/json' size='137'/>
                    </attachments>
                    <steps/>
                </step>
                <step start='1574562557801' status='passed' stop='1574562558557'>
                    <name>POST /wd/hub/session/f0f9e7bacd36c1d523ef411ca9619726/element/0.20329797597635735-4/click</name>
                    <title>POST /wd/hub/session/f0f9e7bacd36c1d523ef411ca9619726/element/0.20329797597635735-4/click</title>
                    <attachments>
                        <attachment title='Response' source='5e678358-c638-4b3a-9efb-451e28d55fd2-attachment.json' type='application/json' size='91'/>
                    </attachments>
                    <steps/>
                </step>
                <step start='1574562558565' status='passed' stop='1574562558595'>
                    <name>POST /wd/hub/session/f0f9e7bacd36c1d523ef411ca9619726/elements</name>
                    <title>POST /wd/hub/session/f0f9e7bacd36c1d523ef411ca9619726/elements</title>
                    <attachments>
                        <attachment title='Request' source='46856020-54c3-421c-bacf-d3f48c376167-attachment.json' type='application/json' size='62'/>
                        <attachment title='Response' source='eced2ade-de7d-46c1-ab6a-663716de6997-attachment.json' type='application/json' size='160'/>
                    </attachments>
                    <steps/>
                </step>
                <step start='1574562558597' status='passed' stop='1574562558628'>
                    <name>GET /wd/hub/session/f0f9e7bacd36c1d523ef411ca9619726/element/0.5541288368562449-1/displayed</name>
                    <title>GET /wd/hub/session/f0f9e7bacd36c1d523ef411ca9619726/element/0.5541288368562449-1/displayed</title>
                    <attachments>
                        <attachment title='Response' source='507e6bf3-71c4-47c2-bf04-c6edf5265504-attachment.json' type='application/json' size='91'/>
                    </attachments>
                    <steps/>
                </step>
                <step start='1574562558631' status='passed' stop='1574562558661'>
                    <name>POST /wd/hub/session/f0f9e7bacd36c1d523ef411ca9619726/element</name>
                    <title>POST /wd/hub/session/f0f9e7bacd36c1d523ef411ca9619726/element</title>
                    <attachments>
                        <attachment title='Request' source='abd19f64-1733-4520-b076-54e843072442-attachment.json' type='application/json' size='69'/>
                        <attachment title='Response' source='e4fc97a1-e7b1-4e94-aad8-db7dd3a078ac-attachment.json' type='application/json' size='136'/>
                    </attachments>
                    <steps/>
                </step>
                <step start='1574562558668' status='passed' stop='1574562558971'>
                    <name>POST /wd/hub/session/f0f9e7bacd36c1d523ef411ca9619726/element/0.5541288368562449-2/click</name>
                    <title>POST /wd/hub/session/f0f9e7bacd36c1d523ef411ca9619726/element/0.5541288368562449-2/click</title>
                    <attachments>
                        <attachment title='Response' source='b862b4f8-40f5-4850-9bcb-6eceba8573ab-attachment.json' type='application/json' size='91'/>
                    </attachments>
                    <steps/>
                </step>
                <step start='1574562558980' status='passed' stop='1574562559043'>
                    <name>POST /wd/hub/session/f0f9e7bacd36c1d523ef411ca9619726/elements</name>
                    <title>POST /wd/hub/session/f0f9e7bacd36c1d523ef411ca9619726/elements</title>
                    <attachments>
                        <attachment title='Request' source='9178cac0-7326-447c-ae18-c3112ca38ef7-attachment.json' type='application/json' size='57'/>
                        <attachment title='Response' source='2b6ad4e7-5658-4cba-92b2-301b61f2c242-attachment.json' type='application/json' size='160'/>
                    </attachments>
                    <steps/>
                </step>
                <step start='1574562559045' status='passed' stop='1574562559075'>
                    <name>GET /wd/hub/session/f0f9e7bacd36c1d523ef411ca9619726/element/0.5408920830018302-1/displayed</name>
                    <title>GET /wd/hub/session/f0f9e7bacd36c1d523ef411ca9619726/element/0.5408920830018302-1/displayed</title>
                    <attachments>
                        <attachment title='Response' source='a3796042-072a-4501-8f52-d7da2785d788-attachment.json' type='application/json' size='91'/>
                    </attachments>
                    <steps/>
                </step>
                <step start='1574562559076' status='passed' stop='1574562559111'>
                    <name>POST /wd/hub/session/f0f9e7bacd36c1d523ef411ca9619726/element</name>
                    <title>POST /wd/hub/session/f0f9e7bacd36c1d523ef411ca9619726/element</title>
                    <attachments>
                        <attachment title='Request' source='d7fa4c60-8107-4a02-b6ac-028cb001c37e-attachment.json' type='application/json' size='83'/>
                        <attachment title='Response' source='56c40ce9-8c69-4d5c-8d38-1a8262f4c5c9-attachment.json' type='application/json' size='136'/>
                    </attachments>
                    <steps/>
                </step>
                <step start='1574562559114' status='passed' stop='1574562559464'>
                    <name>POST /wd/hub/session/f0f9e7bacd36c1d523ef411ca9619726/element/0.5408920830018302-2/click</name>
                    <title>POST /wd/hub/session/f0f9e7bacd36c1d523ef411ca9619726/element/0.5408920830018302-2/click</title>
                    <attachments>
                        <attachment title='Response' source='4abcd087-00f8-4b2b-a1b8-c36738915795-attachment.json' type='application/json' size='91'/>
                    </attachments>
                    <steps/>
                </step>
                <step start='1574562559469' status='passed' stop='1574562559480'>
                    <name>POST /wd/hub/session/f0f9e7bacd36c1d523ef411ca9619726/timeouts/async_script</name>
                    <title>POST /wd/hub/session/f0f9e7bacd36c1d523ef411ca9619726/timeouts/async_script</title>
                    <attachments>
                        <attachment title='Request' source='62b67491-9718-4bc1-8ccd-7ccfc858fe16-attachment.json' type='application/json' size='20'/>
                        <attachment title='Response' source='cbbc73f7-0d26-461e-89e0-2f460852847c-attachment.json' type='application/json' size='91'/>
                    </attachments>
                    <steps/>
                </step>
                <step start='1574562559483' status='passed' stop='1574562560568'>
                    <name>POST /wd/hub/session/f0f9e7bacd36c1d523ef411ca9619726/execute_async</name>
                    <title>POST /wd/hub/session/f0f9e7bacd36c1d523ef411ca9619726/execute_async</title>
                    <attachments>
                        <attachment title='Request' source='2cc0fad9-7f8e-43bc-a41f-995accd9122b-attachment.json' type='application/json' size='412'/>
                        <attachment title='Response' source='280772a1-021b-485a-a715-1132bd49e44f-attachment.json' type='application/json' size='1070'/>
                    </attachments>
                    <steps/>
                </step>
                <step start='1574562560570' status='passed' stop='1574562560580'>
                    <name>POST /wd/hub/session/f0f9e7bacd36c1d523ef411ca9619726/timeouts/async_script</name>
                    <title>POST /wd/hub/session/f0f9e7bacd36c1d523ef411ca9619726/timeouts/async_script</title>
                    <attachments>
                        <attachment title='Request' source='d70d3945-f0f4-4bce-95b7-ce41413181d9-attachment.json' type='application/json' size='20'/>
                        <attachment title='Response' source='ad156842-bb02-4dd4-baf0-3556be4aa8e3-attachment.json' type='application/json' size='91'/>
                    </attachments>
                    <steps/>
                </step>
                <step start='1574562560591' status='passed' stop='1574562562326'>
                    <name>POST /wd/hub/session/f0f9e7bacd36c1d523ef411ca9619726/execute_async</name>
                    <title>POST /wd/hub/session/f0f9e7bacd36c1d523ef411ca9619726/execute_async</title>
                    <attachments>
                        <attachment title='Request' source='5a3f3ef8-df2c-40c7-8dab-8784d6b9a599-attachment.json' type='application/json' size='2279'/>
                        <attachment title='Response' source='a1a6544e-446c-4bfd-a83e-dcd21a7a0e8c-attachment.json' type='application/json' size='1459'/>
                    </attachments>
                    <steps/>
                </step>
                <step start='1574562562331' status='failed' stop='1574562562543'>
                    <name>GET /wd/hub/session/f0f9e7bacd36c1d523ef411ca9619726/screenshot</name>
                    <title>GET /wd/hub/session/f0f9e7bacd36c1d523ef411ca9619726/screenshot</title>
                    <attachments>
                        <attachment title='Screenshot' source='c3ad1f3e-921a-4a91-b90a-abddd8a5f426-attachment.png' type='image/png' size='137463'/>
                    </attachments>
                    <steps/>
                </step>
                <step start='1574562562545' status='passed' stop='1574562562560'>
                    <name>POST /wd/hub/session/f0f9e7bacd36c1d523ef411ca9619726/log</name>
                    <title>POST /wd/hub/session/f0f9e7bacd36c1d523ef411ca9619726/log</title>
                    <attachments>
                        <attachment title='Request' source='28d2c5a8-73f5-42b6-a2dc-bc6b974213a1-attachment.json' type='application/json' size='25'/>
                        <attachment title='Response' source='1b1d5539-1fa1-4e4b-aed9-b791abac7134-attachment.json' type='application/json' size='6857'/>
                    </attachments>
                    <steps/>
                </step>
            </steps>
            <attachments/>
            <failure>
                <message>Failed: javascript error: Cannot read property 'createHorde' of undefined
                JavaScript stack:
                TypeError: Cannot read property 'createHorde' of undefined
                    at unleashGremlins (eval at executeAsyncScript (:457:5), &lt;anonymous>:33:31)
                    at eval (eval at executeAsyncScript (:457:5), &lt;anonymous>:56:4)
                    at eval (eval at executeAsyncScript (:457:5), &lt;anonymous>:56:29)
                    at executeAsyncScript (&lt;anonymous>:457:26)
                    at &lt;anonymous>:473:29
                    at callFunction (&lt;anonymous>:361:33)
                    at &lt;anonymous>:371:23
                    at &lt;anonymous>:372:3</message>
                <stack-trace>error properties: Object({ details: undefined, type: 'RuntimeError', seleniumStack: Object({ type: 'JavaScriptError', message: 'An error occurred while executing user supplied JavaScript.', orgStatusMessage: 'javascript error: Cannot read property 'createHorde' of undefined
                JavaScript stack:
                TypeError: Cannot read property 'createHorde' of undefined
                    at unleashGremlins (eval at executeAsyncScript (:457:5), &lt;anonymous>:33:31)
                    at eval (eval at executeAsyncScript (:457:5), &lt;anonymous>:56:4)
                    at eval (eval at executeAsyncScript (:457:5), &lt;anonymous>:56:29)
                    at executeAsyncScript (&lt;anonymous>:457:26)
                    at &lt;anonymous>:473:29
                    at callFunction (&lt;anonymous>:361:33)
                    at &lt;anonymous>:371:23
                    at &lt;anonymous>:372:3
                  (Session info: chrome=78.0.3904.70)
                  (Driver info: chromedriver=2.43.600233 (523efee95e3d68b8719b3a1c83051aa63aa6b10d),platform=Linux 5.0.0-32-generic x86_64)' }), shotTaken: true })
                    at &lt;Jasmine>
                    at executeAsync(&lt;Function>, 50000) - index.js:312:3</stack-trace>
            </failure>
        </test-case>
    </test-cases>
</ns2:test-suite>