{
    "sessionId": "f0f9e7bacd36c1d523ef411ca9619726",
    "status": 0,
    "value": {
        "AT_TARGET": 2,
        "BUBBLING_PHASE": 3,
        "CAPTURING_PHASE": 1,
        "NONE": 0,
        "bubbles": false,
        "cancelBubble": false,
        "cancelable": false,
        "composed": false,
        "composedPath": {},
        "currentTarget": null,
        "defaultPrevented": false,
        "eventPhase": 0,
        "initEvent": {},
        "isTrusted": true,
        "path": [
            {
                "ELEMENT": "0.8007410960164341-1"
            },
            {
                "ELEMENT": "0.8007410960164341-2"
            },
            {
                "ELEMENT": "0.8007410960164341-3"
            },
            {
                "ELEMENT": "0.8007410960164341-4"
            }
        ],
        "preventDefault": {},
        "returnValue": true,
        "srcElement": null,
        "stopImmediatePropagation": {},
        "stopPropagation": {},
        "target": null,
        "timeStamp": 1364.5999999998821,
        "type": "load"
    }
}