{
    "sessionId": "ac58698e2c2baa4adc79c982d8807e63",
    "status": 0,
    "value": {
        "AT_TARGET": 2,
        "BUBBLING_PHASE": 3,
        "CAPTURING_PHASE": 1,
        "NONE": 0,
        "bubbles": false,
        "cancelBubble": false,
        "cancelable": false,
        "composed": false,
        "composedPath": {},
        "currentTarget": null,
        "defaultPrevented": false,
        "eventPhase": 0,
        "initEvent": {},
        "isTrusted": true,
        "path": [
            {
                "ELEMENT": "0.057470314801509215-1"
            },
            {
                "ELEMENT": "0.057470314801509215-2"
            },
            {
                "ELEMENT": "0.057470314801509215-3"
            },
            {
                "ELEMENT": "0.057470314801509215-4"
            }
        ],
        "preventDefault": {},
        "returnValue": true,
        "srcElement": null,
        "stopImmediatePropagation": {},
        "stopPropagation": {},
        "target": null,
        "timeStamp": 1080.2499999999782,
        "type": "load"
    }
}