<?xml version='1.0'?>
<ns2:test-suite xmlns:ns2='urn:model.allure.qatools.yandex.ru' start='1574561917544' stop='1574561921887'>
    <name>Monkey testing with gremlins </name>
    <title>Monkey testing with gremlins </title>
    <test-cases>
        <test-case start='1574561917546' status='failed' stop='1574561921877'>
            <name>it should not raise any error</name>
            <title>it should not raise any error</title>
            <labels>
                <label name='language' value='javascript'/>
                <label name='framework' value='wdio'/>
                <label name='thread' value='0-0'/>
            </labels>
            <parameters>
                <parameter kind='argument' name='browser' value='chrome'/>
                <parameter kind='environment-variable' name='capabilities' value='{"maxInstances":5,"browserName":"chrome"}'/>
                <parameter kind='environment-variable' name='spec files' value='["/home/njhurtado/MISO4208_201902_TestMen/testmen-worker-random/test/specs/gremlins-test.js"]'/>
            </parameters>
            <steps>
                <step start='1574561917553' status='passed' stop='1574561918036'>
                    <name>POST /wd/hub/session/ac58698e2c2baa4adc79c982d8807e63/url</name>
                    <title>POST /wd/hub/session/ac58698e2c2baa4adc79c982d8807e63/url</title>
                    <attachments>
                        <attachment title='Request' source='e1b94990-d24b-44a3-b957-bc446702c1ba-attachment.json' type='application/json' size='43'/>
                        <attachment title='Response' source='115290b8-40a0-41c9-ab4c-358f065a6d08-attachment.json' type='application/json' size='91'/>
                    </attachments>
                    <steps/>
                </step>
                <step start='1574561918051' status='passed' stop='1574561918085'>
                    <name>POST /wd/hub/session/ac58698e2c2baa4adc79c982d8807e63/elements</name>
                    <title>POST /wd/hub/session/ac58698e2c2baa4adc79c982d8807e63/elements</title>
                    <attachments>
                        <attachment title='Request' source='5c9bdee4-e184-43d4-b241-a32c71c22d7f-attachment.json' type='application/json' size='60'/>
                        <attachment title='Response' source='1626c4a2-b697-4500-9ee9-430f14c45e0a-attachment.json' type='application/json' size='160'/>
                    </attachments>
                    <steps/>
                </step>
                <step start='1574561918086' status='passed' stop='1574561918117'>
                    <name>GET /wd/hub/session/ac58698e2c2baa4adc79c982d8807e63/element/0.6219766007177698-1/displayed</name>
                    <title>GET /wd/hub/session/ac58698e2c2baa4adc79c982d8807e63/element/0.6219766007177698-1/displayed</title>
                    <attachments>
                        <attachment title='Response' source='06058c55-f696-4070-84c1-3404ccb02b22-attachment.json' type='application/json' size='91'/>
                    </attachments>
                    <steps/>
                </step>
                <step start='1574561918123' status='passed' stop='1574561918151'>
                    <name>POST /wd/hub/session/ac58698e2c2baa4adc79c982d8807e63/element</name>
                    <title>POST /wd/hub/session/ac58698e2c2baa4adc79c982d8807e63/element</title>
                    <attachments>
                        <attachment title='Request' source='e0907da8-be1f-49d4-825a-f72fbd959ff1-attachment.json' type='application/json' size='60'/>
                        <attachment title='Response' source='2bb01b3e-ea27-4af8-bfeb-284733b46208-attachment.json' type='application/json' size='136'/>
                    </attachments>
                    <steps/>
                </step>
                <step start='1574561918157' status='passed' stop='1574561918186'>
                    <name>POST /wd/hub/session/ac58698e2c2baa4adc79c982d8807e63/element/0.6219766007177698-1/element</name>
                    <title>POST /wd/hub/session/ac58698e2c2baa4adc79c982d8807e63/element/0.6219766007177698-1/element</title>
                    <attachments>
                        <attachment title='Request' source='93c8f55b-9327-4792-ad5c-f0e258feb74a-attachment.json' type='application/json' size='72'/>
                        <attachment title='Response' source='4832b7dd-13d9-47ca-8143-e7109484a60a-attachment.json' type='application/json' size='136'/>
                    </attachments>
                    <steps/>
                </step>
                <step start='1574561918192' status='passed' stop='1574561918272'>
                    <name>POST /wd/hub/session/ac58698e2c2baa4adc79c982d8807e63/element/0.6219766007177698-2/click</name>
                    <title>POST /wd/hub/session/ac58698e2c2baa4adc79c982d8807e63/element/0.6219766007177698-2/click</title>
                    <attachments>
                        <attachment title='Response' source='5ced2c70-9cec-48cf-90e7-85af09875bf7-attachment.json' type='application/json' size='91'/>
                    </attachments>
                    <steps/>
                </step>
                <step start='1574561918287' status='passed' stop='1574561918326'>
                    <name>POST /wd/hub/session/ac58698e2c2baa4adc79c982d8807e63/keys</name>
                    <title>POST /wd/hub/session/ac58698e2c2baa4adc79c982d8807e63/keys</title>
                    <attachments>
                        <attachment title='Request' source='2a811010-ee68-4681-a941-6e59f6933024-attachment.json' type='application/json' size='88'/>
                        <attachment title='Response' source='3c6b455a-a334-4c7d-83b7-77fdec487d70-attachment.json' type='application/json' size='91'/>
                    </attachments>
                    <steps/>
                </step>
                <step start='1574561918331' status='passed' stop='1574561918363'>
                    <name>POST /wd/hub/session/ac58698e2c2baa4adc79c982d8807e63/element/0.6219766007177698-1/element</name>
                    <title>POST /wd/hub/session/ac58698e2c2baa4adc79c982d8807e63/element/0.6219766007177698-1/element</title>
                    <attachments>
                        <attachment title='Request' source='98887453-8f70-4b46-bcc5-fd7da57119e2-attachment.json' type='application/json' size='72'/>
                        <attachment title='Response' source='b19ff456-e4c2-4a1a-a166-885354414da4-attachment.json' type='application/json' size='136'/>
                    </attachments>
                    <steps/>
                </step>
                <step start='1574561918371' status='passed' stop='1574561918452'>
                    <name>POST /wd/hub/session/ac58698e2c2baa4adc79c982d8807e63/element/0.6219766007177698-3/click</name>
                    <title>POST /wd/hub/session/ac58698e2c2baa4adc79c982d8807e63/element/0.6219766007177698-3/click</title>
                    <attachments>
                        <attachment title='Response' source='2bcfa4ee-8105-40e5-8c5a-aaa7f8b39cf1-attachment.json' type='application/json' size='91'/>
                    </attachments>
                    <steps/>
                </step>
                <step start='1574561918458' status='passed' stop='1574561918529'>
                    <name>POST /wd/hub/session/ac58698e2c2baa4adc79c982d8807e63/keys</name>
                    <title>POST /wd/hub/session/ac58698e2c2baa4adc79c982d8807e63/keys</title>
                    <attachments>
                        <attachment title='Request' source='031acaaa-f921-4800-9e99-a7daccf41cf8-attachment.json' type='application/json' size='153'/>
                        <attachment title='Response' source='ee5b4c5a-3a7a-4edf-b093-b51a3539824a-attachment.json' type='application/json' size='91'/>
                    </attachments>
                    <steps/>
                </step>
                <step start='1574561918533' status='passed' stop='1574561918567'>
                    <name>POST /wd/hub/session/ac58698e2c2baa4adc79c982d8807e63/element/0.6219766007177698-1/element</name>
                    <title>POST /wd/hub/session/ac58698e2c2baa4adc79c982d8807e63/element/0.6219766007177698-1/element</title>
                    <attachments>
                        <attachment title='Request' source='c511f9cb-d6dd-4446-9aba-8b71560d5f25-attachment.json' type='application/json' size='70'/>
                        <attachment title='Response' source='6b9b41cc-31de-4b7e-9abc-3ef64b5bcfe1-attachment.json' type='application/json' size='136'/>
                    </attachments>
                    <steps/>
                </step>
                <step start='1574561918571' status='passed' stop='1574561919335'>
                    <name>POST /wd/hub/session/ac58698e2c2baa4adc79c982d8807e63/element/0.6219766007177698-4/click</name>
                    <title>POST /wd/hub/session/ac58698e2c2baa4adc79c982d8807e63/element/0.6219766007177698-4/click</title>
                    <attachments>
                        <attachment title='Response' source='da4f860a-f12e-4ba9-a0a1-dbc80442ea92-attachment.json' type='application/json' size='91'/>
                    </attachments>
                    <steps/>
                </step>
                <step start='1574561919344' status='passed' stop='1574561919373'>
                    <name>POST /wd/hub/session/ac58698e2c2baa4adc79c982d8807e63/elements</name>
                    <title>POST /wd/hub/session/ac58698e2c2baa4adc79c982d8807e63/elements</title>
                    <attachments>
                        <attachment title='Request' source='91a9b547-4888-44f8-be0b-803e3fe657f5-attachment.json' type='application/json' size='62'/>
                        <attachment title='Response' source='2a4c93e2-c644-4478-ae1b-ec12bd302733-attachment.json' type='application/json' size='160'/>
                    </attachments>
                    <steps/>
                </step>
                <step start='1574561919374' status='passed' stop='1574561919407'>
                    <name>GET /wd/hub/session/ac58698e2c2baa4adc79c982d8807e63/element/0.3238138682028231-1/displayed</name>
                    <title>GET /wd/hub/session/ac58698e2c2baa4adc79c982d8807e63/element/0.3238138682028231-1/displayed</title>
                    <attachments>
                        <attachment title='Response' source='1f27196b-275c-4783-83b5-2f1bec0b0fc0-attachment.json' type='application/json' size='91'/>
                    </attachments>
                    <steps/>
                </step>
                <step start='1574561919415' status='passed' stop='1574561919451'>
                    <name>POST /wd/hub/session/ac58698e2c2baa4adc79c982d8807e63/element</name>
                    <title>POST /wd/hub/session/ac58698e2c2baa4adc79c982d8807e63/element</title>
                    <attachments>
                        <attachment title='Request' source='67e62497-0d1c-4d4b-b785-8c71156519de-attachment.json' type='application/json' size='69'/>
                        <attachment title='Response' source='b52bca3b-9ba7-420d-ac8a-b03e04af7013-attachment.json' type='application/json' size='136'/>
                    </attachments>
                    <steps/>
                </step>
                <step start='1574561919457' status='passed' stop='1574561919776'>
                    <name>POST /wd/hub/session/ac58698e2c2baa4adc79c982d8807e63/element/0.3238138682028231-2/click</name>
                    <title>POST /wd/hub/session/ac58698e2c2baa4adc79c982d8807e63/element/0.3238138682028231-2/click</title>
                    <attachments>
                        <attachment title='Response' source='88e69b66-d72b-492f-958f-2a2876c2a3b4-attachment.json' type='application/json' size='91'/>
                    </attachments>
                    <steps/>
                </step>
                <step start='1574561919783' status='passed' stop='1574561919845'>
                    <name>POST /wd/hub/session/ac58698e2c2baa4adc79c982d8807e63/elements</name>
                    <title>POST /wd/hub/session/ac58698e2c2baa4adc79c982d8807e63/elements</title>
                    <attachments>
                        <attachment title='Request' source='64e4a92e-9c88-48f2-81ce-17315bc346ef-attachment.json' type='application/json' size='57'/>
                        <attachment title='Response' source='25589e89-ee18-426c-bda1-71efd876ea59-attachment.json' type='application/json' size='160'/>
                    </attachments>
                    <steps/>
                </step>
                <step start='1574561919846' status='passed' stop='1574561919878'>
                    <name>GET /wd/hub/session/ac58698e2c2baa4adc79c982d8807e63/element/0.3278309818891909-1/displayed</name>
                    <title>GET /wd/hub/session/ac58698e2c2baa4adc79c982d8807e63/element/0.3278309818891909-1/displayed</title>
                    <attachments>
                        <attachment title='Response' source='5c79aa23-ad2f-430b-96d1-03cf185e419e-attachment.json' type='application/json' size='91'/>
                    </attachments>
                    <steps/>
                </step>
                <step start='1574561919881' status='passed' stop='1574561919917'>
                    <name>POST /wd/hub/session/ac58698e2c2baa4adc79c982d8807e63/element</name>
                    <title>POST /wd/hub/session/ac58698e2c2baa4adc79c982d8807e63/element</title>
                    <attachments>
                        <attachment title='Request' source='91c50676-af2d-4d30-8b48-d221d0846026-attachment.json' type='application/json' size='77'/>
                        <attachment title='Response' source='4afdbfd9-5c75-4cc5-a8a0-1fce24d3bb9b-attachment.json' type='application/json' size='136'/>
                    </attachments>
                    <steps/>
                </step>
                <step start='1574561919920' status='passed' stop='1574561920358'>
                    <name>POST /wd/hub/session/ac58698e2c2baa4adc79c982d8807e63/element/0.3278309818891909-2/click</name>
                    <title>POST /wd/hub/session/ac58698e2c2baa4adc79c982d8807e63/element/0.3278309818891909-2/click</title>
                    <attachments>
                        <attachment title='Response' source='70c1b705-ccfc-4b99-96b0-b398a17bdd70-attachment.json' type='application/json' size='91'/>
                    </attachments>
                    <steps/>
                </step>
                <step start='1574561920364' status='passed' stop='1574561920375'>
                    <name>POST /wd/hub/session/ac58698e2c2baa4adc79c982d8807e63/timeouts/async_script</name>
                    <title>POST /wd/hub/session/ac58698e2c2baa4adc79c982d8807e63/timeouts/async_script</title>
                    <attachments>
                        <attachment title='Request' source='76dcba5a-7914-4b4d-a741-3cb6775efade-attachment.json' type='application/json' size='20'/>
                        <attachment title='Response' source='7c8221c7-ada7-47ce-946b-b1a4f27ebf95-attachment.json' type='application/json' size='91'/>
                    </attachments>
                    <steps/>
                </step>
                <step start='1574561920379' status='passed' stop='1574561921153'>
                    <name>POST /wd/hub/session/ac58698e2c2baa4adc79c982d8807e63/execute_async</name>
                    <title>POST /wd/hub/session/ac58698e2c2baa4adc79c982d8807e63/execute_async</title>
                    <attachments>
                        <attachment title='Request' source='781cc517-4a53-4754-a7e0-c1280d987954-attachment.json' type='application/json' size='412'/>
                        <attachment title='Response' source='2b451cd7-9d1c-4f56-b038-fcc75e567d58-attachment.json' type='application/json' size='1078'/>
                    </attachments>
                    <steps/>
                </step>
                <step start='1574561921156' status='passed' stop='1574561921165'>
                    <name>POST /wd/hub/session/ac58698e2c2baa4adc79c982d8807e63/timeouts/async_script</name>
                    <title>POST /wd/hub/session/ac58698e2c2baa4adc79c982d8807e63/timeouts/async_script</title>
                    <attachments>
                        <attachment title='Request' source='12b68c3b-6d38-41d6-9538-aee5e8107fe5-attachment.json' type='application/json' size='20'/>
                        <attachment title='Response' source='03d9e63e-70f5-46d1-9abb-e3224f1b0b99-attachment.json' type='application/json' size='91'/>
                    </attachments>
                    <steps/>
                </step>
                <step start='1574561921170' status='passed' stop='1574561921632'>
                    <name>POST /wd/hub/session/ac58698e2c2baa4adc79c982d8807e63/execute_async</name>
                    <title>POST /wd/hub/session/ac58698e2c2baa4adc79c982d8807e63/execute_async</title>
                    <attachments>
                        <attachment title='Request' source='5f15dd6e-fb52-4131-ba8f-6d133eb81594-attachment.json' type='application/json' size='2279'/>
                        <attachment title='Response' source='a9ef599a-1b9e-40ea-9050-90514b3b2157-attachment.json' type='application/json' size='1459'/>
                    </attachments>
                    <steps/>
                </step>
                <step start='1574561921637' status='failed' stop='1574561921877'>
                    <name>GET /wd/hub/session/ac58698e2c2baa4adc79c982d8807e63/screenshot</name>
                    <title>GET /wd/hub/session/ac58698e2c2baa4adc79c982d8807e63/screenshot</title>
                    <attachments>
                        <attachment title='Screenshot' source='527b71f4-8352-4414-b28c-735f5a9fd71a-attachment.png' type='image/png' size='177219'/>
                    </attachments>
                    <steps/>
                </step>
                <step start='1574561921878' status='passed' stop='1574561921883'>
                    <name>POST /wd/hub/session/ac58698e2c2baa4adc79c982d8807e63/log</name>
                    <title>POST /wd/hub/session/ac58698e2c2baa4adc79c982d8807e63/log</title>
                    <attachments>
                        <attachment title='Request' source='6d7a90ff-296a-4291-bf26-f4d72ba73cb8-attachment.json' type='application/json' size='25'/>
                        <attachment title='Response' source='8dd73077-e55f-4fc5-ab3e-71e52e2f94dc-attachment.json' type='application/json' size='1249'/>
                    </attachments>
                    <steps/>
                </step>
            </steps>
            <attachments/>
            <failure>
                <message>Failed: javascript error: Cannot read property 'createHorde' of undefined
                JavaScript stack:
                TypeError: Cannot read property 'createHorde' of undefined
                    at unleashGremlins (eval at executeAsyncScript (:457:5), &lt;anonymous>:33:31)
                    at eval (eval at executeAsyncScript (:457:5), &lt;anonymous>:56:4)
                    at eval (eval at executeAsyncScript (:457:5), &lt;anonymous>:56:29)
                    at executeAsyncScript (&lt;anonymous>:457:26)
                    at &lt;anonymous>:473:29
                    at callFunction (&lt;anonymous>:361:33)
                    at &lt;anonymous>:371:23
                    at &lt;anonymous>:372:3</message>
                <stack-trace>error properties: Object({ details: undefined, type: 'RuntimeError', seleniumStack: Object({ type: 'JavaScriptError', message: 'An error occurred while executing user supplied JavaScript.', orgStatusMessage: 'javascript error: Cannot read property 'createHorde' of undefined
                JavaScript stack:
                TypeError: Cannot read property 'createHorde' of undefined
                    at unleashGremlins (eval at executeAsyncScript (:457:5), &lt;anonymous>:33:31)
                    at eval (eval at executeAsyncScript (:457:5), &lt;anonymous>:56:4)
                    at eval (eval at executeAsyncScript (:457:5), &lt;anonymous>:56:29)
                    at executeAsyncScript (&lt;anonymous>:457:26)
                    at &lt;anonymous>:473:29
                    at callFunction (&lt;anonymous>:361:33)
                    at &lt;anonymous>:371:23
                    at &lt;anonymous>:372:3
                  (Session info: chrome=78.0.3904.70)
                  (Driver info: chromedriver=2.43.600233 (523efee95e3d68b8719b3a1c83051aa63aa6b10d),platform=Linux 5.0.0-32-generic x86_64)' }), shotTaken: true })
                    at &lt;Jasmine>
                    at executeAsync(&lt;Function>, 50000) - index.js:312:3</stack-trace>
            </failure>
        </test-case>
    </test-cases>
</ns2:test-suite>