{
    "sessionId": "2d0aa966c988e7787f0cd7c8e51f33d2",
    "status": 0,
    "value": [
        {
            "level": "INFO",
            "message": "https://rawgit.com/marmelab/gremlins.js/master/gremlins.min.js 1:3114 \"mogwai \" \"fps       \" 60.031216232441224",
            "source": "console-api",
            "timestamp": 1574561938398
        },
        {
            "level": "INFO",
            "message": "https://rawgit.com/marmelab/gremlins.js/master/gremlins.min.js 1:6691 \"gremlin\" \"formFiller\" \"input\" \"K\" \"in\" input#fax.maxwidth100onsmartphone.quatrevingtpercent",
            "source": "console-api",
            "timestamp": 1574561938398
        },
        {
            "level": "INFO",
            "message": "https://rawgit.com/marmelab/gremlins.js/master/gremlins.min.js 1:6691 \"gremlin\" \"formFiller\" \"input\" \"y\" \"in\" input#idprof4.maxwidth100onsmartphone.quatrevingtpercent",
            "source": "console-api",
            "timestamp": 1574561938399
        },
        {
            "level": "INFO",
            "message": "https://rawgit.com/marmelab/gremlins.js/master/gremlins.min.js 1:6691 \"gremlin\" \"formFiller\" \"input\" \"D\" \"in\" input#capital",
            "source": "console-api",
            "timestamp": 1574561938501
        },
        {
            "level": "INFO",
            "message": "https://rawgit.com/marmelab/gremlins.js/master/gremlins.min.js 1:6691 \"gremlin\" \"formFiller\" \"input\" \"&\" \"in\" input#town.maxwidthonsmartphone.maxwidth100.quatrevingtpercent.ui-autocomplete-input",
            "source": "console-api",
            "timestamp": 1574561938613
        },
        {
            "level": "INFO",
            "message": "https://rawgit.com/marmelab/gremlins.js/master/gremlins.min.js 1:6691 \"gremlin\" \"formFiller\" \"input\" \"L\" \"in\" input#idprof6.maxwidth100onsmartphone.quatrevingtpercent",
            "source": "console-api",
            "timestamp": 1574561938716
        },
        {
            "level": "INFO",
            "message": "https://rawgit.com/marmelab/gremlins.js/master/gremlins.min.js 1:6691 \"gremlin\" \"formFiller\" \"input\" \"i\" \"in\" input#idprof2.maxwidth100onsmartphone.quatrevingtpercent",
            "source": "console-api",
            "timestamp": 1574561938822
        },
        {
            "level": "INFO",
            "message": "https://rawgit.com/marmelab/gremlins.js/master/gremlins.min.js 1:6691 \"gremlin\" \"formFiller\" \"input\" \"S\" \"in\" input#name_alias_input.minwidth300",
            "source": "console-api",
            "timestamp": 1574561938822
        },
        {
            "level": "INFO",
            "message": "https://rawgit.com/marmelab/gremlins.js/master/gremlins.min.js 1:3114 \"mogwai \" \"fps       \" 59.9448507373216",
            "source": "console-api",
            "timestamp": 1574561938822
        },
        {
            "level": "INFO",
            "message": "https://rawgit.com/marmelab/gremlins.js/master/gremlins.min.js 1:6691 \"gremlin\" \"formFiller\" \"input\" \"%\" \"in\" input#name.minwidth300",
            "source": "console-api",
            "timestamp": 1574561939027
        },
        {
            "level": "INFO",
            "message": "https://rawgit.com/marmelab/gremlins.js/master/gremlins.min.js 1:6691 \"gremlin\" \"formFiller\" \"input\" \"9\" \"in\" input#idprof5.maxwidth100onsmartphone.quatrevingtpercent",
            "source": "console-api",
            "timestamp": 1574561939130
        },
        {
            "level": "INFO",
            "message": "https://rawgit.com/marmelab/gremlins.js/master/gremlins.min.js 1:5473 \"gremlin\" \"clicker   \" \"click\" \"at\" 22 433",
            "source": "console-api",
            "timestamp": 1574561939130
        },
        {
            "level": "INFO",
            "message": "http://localhost/dolibarr/contact/list.php?leftmenu=contacts 214:13 \"initCheckForSelect mode=0 atleastoneselected=0\"",
            "source": "console-api",
            "timestamp": 1574561939381
        }
    ]
}