{
    "sessionId": "9a3ed185343d6643e0ff7efd1df9f106",
    "status": 0,
    "value": {
        "AT_TARGET": 2,
        "BUBBLING_PHASE": 3,
        "CAPTURING_PHASE": 1,
        "NONE": 0,
        "bubbles": false,
        "cancelBubble": false,
        "cancelable": false,
        "composed": false,
        "composedPath": {},
        "currentTarget": null,
        "defaultPrevented": false,
        "eventPhase": 0,
        "initEvent": {},
        "isTrusted": true,
        "path": [
            {
                "ELEMENT": "0.877759597802914-1"
            },
            {
                "ELEMENT": "0.877759597802914-2"
            },
            {
                "ELEMENT": "0.877759597802914-3"
            },
            {
                "ELEMENT": "0.877759597802914-4"
            }
        ],
        "preventDefault": {},
        "returnValue": true,
        "srcElement": null,
        "stopImmediatePropagation": {},
        "stopPropagation": {},
        "target": null,
        "timeStamp": 1450.6699999997181,
        "type": "load"
    }
}