<?xml version='1.0'?>
<ns2:test-suite xmlns:ns2='urn:model.allure.qatools.yandex.ru' start='1573519063851' stop='1573519073795'>
    <name>Monkey testing with gremlins </name>
    <title>Monkey testing with gremlins </title>
    <test-cases>
        <test-case start='1573519063853' status='failed' stop='1573519073778'>
            <name>it should not raise any error</name>
            <title>it should not raise any error</title>
            <labels>
                <label name='language' value='javascript'/>
                <label name='framework' value='wdio'/>
                <label name='thread' value='0-0'/>
            </labels>
            <parameters>
                <parameter kind='argument' name='browser' value='chrome'/>
                <parameter kind='environment-variable' name='capabilities' value='{"maxInstances":5,"browserName":"chrome"}'/>
                <parameter kind='environment-variable' name='spec files' value='["/home/njhurtado/Descargas/testmen-worker-random/test/specs/gremlins-test.js"]'/>
            </parameters>
            <steps>
                <step start='1573519063860' status='passed' stop='1573519068326'>
                    <name>POST /wd/hub/session/410edaf23edea2475339a83def3e9297/url</name>
                    <title>POST /wd/hub/session/410edaf23edea2475339a83def3e9297/url</title>
                    <attachments>
                        <attachment title='Request' source='88f2e0c0-e46d-4c75-84a4-e78c82f724f3-attachment.json' type='application/json' size='43'/>
                        <attachment title='Response' source='a5e0393e-2101-4eb3-a65b-d3e0b58625b0-attachment.json' type='application/json' size='91'/>
                    </attachments>
                    <steps/>
                </step>
                <step start='1573519068337' status='passed' stop='1573519068365'>
                    <name>POST /wd/hub/session/410edaf23edea2475339a83def3e9297/elements</name>
                    <title>POST /wd/hub/session/410edaf23edea2475339a83def3e9297/elements</title>
                    <attachments>
                        <attachment title='Request' source='c68a7b48-4fc0-4b34-8705-8999579be3cc-attachment.json' type='application/json' size='60'/>
                        <attachment title='Response' source='bcb25b17-1761-419c-a590-fe60eced1802-attachment.json' type='application/json' size='160'/>
                    </attachments>
                    <steps/>
                </step>
                <step start='1573519068366' status='passed' stop='1573519068392'>
                    <name>GET /wd/hub/session/410edaf23edea2475339a83def3e9297/element/0.5060306301806066-1/displayed</name>
                    <title>GET /wd/hub/session/410edaf23edea2475339a83def3e9297/element/0.5060306301806066-1/displayed</title>
                    <attachments>
                        <attachment title='Response' source='4e4104f9-1922-4141-8166-ff624af1a6dc-attachment.json' type='application/json' size='91'/>
                    </attachments>
                    <steps/>
                </step>
                <step start='1573519068396' status='passed' stop='1573519068423'>
                    <name>POST /wd/hub/session/410edaf23edea2475339a83def3e9297/element</name>
                    <title>POST /wd/hub/session/410edaf23edea2475339a83def3e9297/element</title>
                    <attachments>
                        <attachment title='Request' source='0d28228f-f6bd-47d9-a0a8-b8a40124b8f3-attachment.json' type='application/json' size='60'/>
                        <attachment title='Response' source='c11982d8-5d2c-40a6-a964-a7e18f654fb1-attachment.json' type='application/json' size='136'/>
                    </attachments>
                    <steps/>
                </step>
                <step start='1573519068428' status='passed' stop='1573519068455'>
                    <name>POST /wd/hub/session/410edaf23edea2475339a83def3e9297/element/0.5060306301806066-1/element</name>
                    <title>POST /wd/hub/session/410edaf23edea2475339a83def3e9297/element/0.5060306301806066-1/element</title>
                    <attachments>
                        <attachment title='Request' source='4437699a-8e7b-4afc-9b6f-1ff7379aa442-attachment.json' type='application/json' size='72'/>
                        <attachment title='Response' source='94369f90-34e5-406c-bf09-8709c219da2a-attachment.json' type='application/json' size='136'/>
                    </attachments>
                    <steps/>
                </step>
                <step start='1573519068461' status='passed' stop='1573519068525'>
                    <name>POST /wd/hub/session/410edaf23edea2475339a83def3e9297/element/0.5060306301806066-2/click</name>
                    <title>POST /wd/hub/session/410edaf23edea2475339a83def3e9297/element/0.5060306301806066-2/click</title>
                    <attachments>
                        <attachment title='Response' source='ac651da7-f001-417f-83ef-9b4297c6ec20-attachment.json' type='application/json' size='91'/>
                    </attachments>
                    <steps/>
                </step>
                <step start='1573519068537' status='passed' stop='1573519068575'>
                    <name>POST /wd/hub/session/410edaf23edea2475339a83def3e9297/keys</name>
                    <title>POST /wd/hub/session/410edaf23edea2475339a83def3e9297/keys</title>
                    <attachments>
                        <attachment title='Request' source='6e64a19a-6363-43aa-93ce-5a6fd70461eb-attachment.json' type='application/json' size='88'/>
                        <attachment title='Response' source='b0c3f31f-05e8-455f-be73-13ed1cb2150e-attachment.json' type='application/json' size='91'/>
                    </attachments>
                    <steps/>
                </step>
                <step start='1573519068578' status='passed' stop='1573519068607'>
                    <name>POST /wd/hub/session/410edaf23edea2475339a83def3e9297/element/0.5060306301806066-1/element</name>
                    <title>POST /wd/hub/session/410edaf23edea2475339a83def3e9297/element/0.5060306301806066-1/element</title>
                    <attachments>
                        <attachment title='Request' source='8db1b070-e529-409a-9392-14c741ba3dbb-attachment.json' type='application/json' size='72'/>
                        <attachment title='Response' source='5f0505ba-78ea-40a0-9076-597f0517c38f-attachment.json' type='application/json' size='136'/>
                    </attachments>
                    <steps/>
                </step>
                <step start='1573519068611' status='passed' stop='1573519068678'>
                    <name>POST /wd/hub/session/410edaf23edea2475339a83def3e9297/element/0.5060306301806066-3/click</name>
                    <title>POST /wd/hub/session/410edaf23edea2475339a83def3e9297/element/0.5060306301806066-3/click</title>
                    <attachments>
                        <attachment title='Response' source='f021be74-e477-4854-8c0b-f3ed0cb7fb48-attachment.json' type='application/json' size='91'/>
                    </attachments>
                    <steps/>
                </step>
                <step start='1573519068682' status='passed' stop='1573519068730'>
                    <name>POST /wd/hub/session/410edaf23edea2475339a83def3e9297/keys</name>
                    <title>POST /wd/hub/session/410edaf23edea2475339a83def3e9297/keys</title>
                    <attachments>
                        <attachment title='Request' source='6ae5a78c-c3f0-4f14-9b16-88b456617b97-attachment.json' type='application/json' size='153'/>
                        <attachment title='Response' source='90089e0f-2bce-4399-acfa-05c9af578325-attachment.json' type='application/json' size='91'/>
                    </attachments>
                    <steps/>
                </step>
                <step start='1573519068733' status='passed' stop='1573519068763'>
                    <name>POST /wd/hub/session/410edaf23edea2475339a83def3e9297/element/0.5060306301806066-1/element</name>
                    <title>POST /wd/hub/session/410edaf23edea2475339a83def3e9297/element/0.5060306301806066-1/element</title>
                    <attachments>
                        <attachment title='Request' source='c33ac28e-9ffb-4797-bf86-29737a884c32-attachment.json' type='application/json' size='70'/>
                        <attachment title='Response' source='9e97587c-5fe9-44c4-a099-40d9e6371ae1-attachment.json' type='application/json' size='136'/>
                    </attachments>
                    <steps/>
                </step>
                <step start='1573519068768' status='passed' stop='1573519070677'>
                    <name>POST /wd/hub/session/410edaf23edea2475339a83def3e9297/element/0.5060306301806066-4/click</name>
                    <title>POST /wd/hub/session/410edaf23edea2475339a83def3e9297/element/0.5060306301806066-4/click</title>
                    <attachments>
                        <attachment title='Response' source='17dae6ca-14a9-4b2f-a1bd-ab19f85bfb87-attachment.json' type='application/json' size='91'/>
                    </attachments>
                    <steps/>
                </step>
                <step start='1573519070682' status='passed' stop='1573519070710'>
                    <name>POST /wd/hub/session/410edaf23edea2475339a83def3e9297/elements</name>
                    <title>POST /wd/hub/session/410edaf23edea2475339a83def3e9297/elements</title>
                    <attachments>
                        <attachment title='Request' source='32059226-e5c7-4358-8205-47d2fc7a9018-attachment.json' type='application/json' size='62'/>
                        <attachment title='Response' source='0d3171a7-4296-451b-bf2c-14514e5fb35b-attachment.json' type='application/json' size='161'/>
                    </attachments>
                    <steps/>
                </step>
                <step start='1573519070711' status='passed' stop='1573519070736'>
                    <name>GET /wd/hub/session/410edaf23edea2475339a83def3e9297/element/0.14756845461071633-1/displayed</name>
                    <title>GET /wd/hub/session/410edaf23edea2475339a83def3e9297/element/0.14756845461071633-1/displayed</title>
                    <attachments>
                        <attachment title='Response' source='4b41258c-f26f-4d1a-be86-a825a439d547-attachment.json' type='application/json' size='91'/>
                    </attachments>
                    <steps/>
                </step>
                <step start='1573519070737' status='passed' stop='1573519070763'>
                    <name>POST /wd/hub/session/410edaf23edea2475339a83def3e9297/element</name>
                    <title>POST /wd/hub/session/410edaf23edea2475339a83def3e9297/element</title>
                    <attachments>
                        <attachment title='Request' source='77c93c82-d9c3-42fe-a9e7-5cff76b14846-attachment.json' type='application/json' size='69'/>
                        <attachment title='Response' source='84b1bfae-f3c0-43ae-acb8-89ad4187271b-attachment.json' type='application/json' size='137'/>
                    </attachments>
                    <steps/>
                </step>
                <step start='1573519070770' status='passed' stop='1573519071036'>
                    <name>POST /wd/hub/session/410edaf23edea2475339a83def3e9297/element/0.14756845461071633-2/click</name>
                    <title>POST /wd/hub/session/410edaf23edea2475339a83def3e9297/element/0.14756845461071633-2/click</title>
                    <attachments>
                        <attachment title='Response' source='f7a2cb37-12b2-42a8-a9c4-62632ebe3942-attachment.json' type='application/json' size='91'/>
                    </attachments>
                    <steps/>
                </step>
                <step start='1573519071044' status='passed' stop='1573519071089'>
                    <name>POST /wd/hub/session/410edaf23edea2475339a83def3e9297/elements</name>
                    <title>POST /wd/hub/session/410edaf23edea2475339a83def3e9297/elements</title>
                    <attachments>
                        <attachment title='Request' source='7e77c604-8b2b-4bea-9f90-4b60203d2a4f-attachment.json' type='application/json' size='57'/>
                        <attachment title='Response' source='5c2adb37-f894-4654-9425-26d408657ae9-attachment.json' type='application/json' size='160'/>
                    </attachments>
                    <steps/>
                </step>
                <step start='1573519071090' status='passed' stop='1573519071120'>
                    <name>GET /wd/hub/session/410edaf23edea2475339a83def3e9297/element/0.6726600048943547-1/displayed</name>
                    <title>GET /wd/hub/session/410edaf23edea2475339a83def3e9297/element/0.6726600048943547-1/displayed</title>
                    <attachments>
                        <attachment title='Response' source='71d73a64-5b65-415a-9225-b986715641ce-attachment.json' type='application/json' size='91'/>
                    </attachments>
                    <steps/>
                </step>
                <step start='1573519071123' status='passed' stop='1573519071150'>
                    <name>POST /wd/hub/session/410edaf23edea2475339a83def3e9297/element</name>
                    <title>POST /wd/hub/session/410edaf23edea2475339a83def3e9297/element</title>
                    <attachments>
                        <attachment title='Request' source='fec5bbe8-e217-44ae-a40b-89999aa6d8c9-attachment.json' type='application/json' size='83'/>
                        <attachment title='Response' source='1e9bbb60-fd4f-4f96-9ed7-a62f3a358253-attachment.json' type='application/json' size='136'/>
                    </attachments>
                    <steps/>
                </step>
                <step start='1573519071154' status='passed' stop='1573519071548'>
                    <name>POST /wd/hub/session/410edaf23edea2475339a83def3e9297/element/0.6726600048943547-2/click</name>
                    <title>POST /wd/hub/session/410edaf23edea2475339a83def3e9297/element/0.6726600048943547-2/click</title>
                    <attachments>
                        <attachment title='Response' source='374beeaa-5f01-4e7a-985c-72ee4e2f51ec-attachment.json' type='application/json' size='91'/>
                    </attachments>
                    <steps/>
                </step>
                <step start='1573519071555' status='passed' stop='1573519071563'>
                    <name>POST /wd/hub/session/410edaf23edea2475339a83def3e9297/timeouts/async_script</name>
                    <title>POST /wd/hub/session/410edaf23edea2475339a83def3e9297/timeouts/async_script</title>
                    <attachments>
                        <attachment title='Request' source='28aa0b4a-f37a-497e-b040-319b90a30b35-attachment.json' type='application/json' size='20'/>
                        <attachment title='Response' source='a17695df-c478-439e-8f45-e49774ce400d-attachment.json' type='application/json' size='91'/>
                    </attachments>
                    <steps/>
                </step>
                <step start='1573519071568' status='passed' stop='1573519072723'>
                    <name>POST /wd/hub/session/410edaf23edea2475339a83def3e9297/execute_async</name>
                    <title>POST /wd/hub/session/410edaf23edea2475339a83def3e9297/execute_async</title>
                    <attachments>
                        <attachment title='Request' source='95ecf0f5-12cc-4c2a-8df2-e08ae4335e69-attachment.json' type='application/json' size='412'/>
                        <attachment title='Response' source='67629fc6-115a-4986-a0ba-9908064a7788-attachment.json' type='application/json' size='1074'/>
                    </attachments>
                    <steps/>
                </step>
                <step start='1573519072724' status='passed' stop='1573519072732'>
                    <name>POST /wd/hub/session/410edaf23edea2475339a83def3e9297/timeouts/async_script</name>
                    <title>POST /wd/hub/session/410edaf23edea2475339a83def3e9297/timeouts/async_script</title>
                    <attachments>
                        <attachment title='Request' source='77fe5dff-c1c3-4c51-ba74-ed055a0d77c3-attachment.json' type='application/json' size='20'/>
                        <attachment title='Response' source='b7ed9971-6a0b-4d2a-b60d-889df5680fc1-attachment.json' type='application/json' size='91'/>
                    </attachments>
                    <steps/>
                </step>
                <step start='1573519072736' status='passed' stop='1573519073587'>
                    <name>POST /wd/hub/session/410edaf23edea2475339a83def3e9297/execute_async</name>
                    <title>POST /wd/hub/session/410edaf23edea2475339a83def3e9297/execute_async</title>
                    <attachments>
                        <attachment title='Request' source='20eb80bc-c783-4cc4-99d1-8382fcf45948-attachment.json' type='application/json' size='2279'/>
                        <attachment title='Response' source='20be06f4-5527-47e8-b597-429633af46c4-attachment.json' type='application/json' size='1459'/>
                    </attachments>
                    <steps/>
                </step>
                <step start='1573519073591' status='failed' stop='1573519073778'>
                    <name>GET /wd/hub/session/410edaf23edea2475339a83def3e9297/screenshot</name>
                    <title>GET /wd/hub/session/410edaf23edea2475339a83def3e9297/screenshot</title>
                    <attachments>
                        <attachment title='Screenshot' source='61b4a877-d895-45a5-8c29-72848b884a58-attachment.png' type='image/png' size='70150'/>
                    </attachments>
                    <steps/>
                </step>
                <step start='1573519073780' status='passed' stop='1573519073791'>
                    <name>POST /wd/hub/session/410edaf23edea2475339a83def3e9297/log</name>
                    <title>POST /wd/hub/session/410edaf23edea2475339a83def3e9297/log</title>
                    <attachments>
                        <attachment title='Request' source='607597cb-20f4-4469-a494-6f17194a458e-attachment.json' type='application/json' size='25'/>
                        <attachment title='Response' source='3b4c1438-ab2a-4c5f-a2f4-2c848b022ece-attachment.json' type='application/json' size='3360'/>
                    </attachments>
                    <steps/>
                </step>
            </steps>
            <attachments/>
            <failure>
                <message>Failed: javascript error: Cannot read property 'createHorde' of undefined
                JavaScript stack:
                TypeError: Cannot read property 'createHorde' of undefined
                    at unleashGremlins (eval at executeAsyncScript (:457:5), &lt;anonymous>:33:31)
                    at eval (eval at executeAsyncScript (:457:5), &lt;anonymous>:56:4)
                    at eval (eval at executeAsyncScript (:457:5), &lt;anonymous>:56:29)
                    at executeAsyncScript (&lt;anonymous>:457:26)
                    at &lt;anonymous>:473:29
                    at callFunction (&lt;anonymous>:361:33)
                    at &lt;anonymous>:371:23
                    at &lt;anonymous>:372:3</message>
                <stack-trace>error properties: Object({ details: undefined, type: 'RuntimeError', seleniumStack: Object({ type: 'JavaScriptError', message: 'An error occurred while executing user supplied JavaScript.', orgStatusMessage: 'javascript error: Cannot read property 'createHorde' of undefined
                JavaScript stack:
                TypeError: Cannot read property 'createHorde' of undefined
                    at unleashGremlins (eval at executeAsyncScript (:457:5), &lt;anonymous>:33:31)
                    at eval (eval at executeAsyncScript (:457:5), &lt;anonymous>:56:4)
                    at eval (eval at executeAsyncScript (:457:5), &lt;anonymous>:56:29)
                    at executeAsyncScript (&lt;anonymous>:457:26)
                    at &lt;anonymous>:473:29
                    at callFunction (&lt;anonymous>:361:33)
                    at &lt;anonymous>:371:23
                    at &lt;anonymous>:372:3
                  (Session info: chrome=78.0.3904.70)
                  (Driver info: chromedriver=2.43.600233 (523efee95e3d68b8719b3a1c83051aa63aa6b10d),platform=Linux 5.0.0-32-generic x86_64)' }), shotTaken: true })
                    at &lt;Jasmine>
                    at executeAsync(&lt;Function>, 50000) - index.js:312:3</stack-trace>
            </failure>
        </test-case>
    </test-cases>
</ns2:test-suite>