{
    "sessionId": "410edaf23edea2475339a83def3e9297",
    "status": 0,
    "value": {
        "AT_TARGET": 2,
        "BUBBLING_PHASE": 3,
        "CAPTURING_PHASE": 1,
        "NONE": 0,
        "bubbles": false,
        "cancelBubble": false,
        "cancelable": false,
        "composed": false,
        "composedPath": {},
        "currentTarget": null,
        "defaultPrevented": false,
        "eventPhase": 0,
        "initEvent": {},
        "isTrusted": true,
        "path": [
            {
                "ELEMENT": "0.13128512529821323-1"
            },
            {
                "ELEMENT": "0.13128512529821323-2"
            },
            {
                "ELEMENT": "0.13128512529821323-3"
            },
            {
                "ELEMENT": "0.13128512529821323-4"
            }
        ],
        "preventDefault": {},
        "returnValue": true,
        "srcElement": null,
        "stopImmediatePropagation": {},
        "stopPropagation": {},
        "target": null,
        "timeStamp": 1439.3749999999272,
        "type": "load"
    }
}