<?xml version='1.0'?>
<ns2:test-suite xmlns:ns2='urn:model.allure.qatools.yandex.ru' start='1574561934850' stop='1574561940268'>
    <name>Monkey testing with gremlins </name>
    <title>Monkey testing with gremlins </title>
    <test-cases>
        <test-case start='1574561934851' status='failed' stop='1574561939641'>
            <name>it should not raise any error</name>
            <title>it should not raise any error</title>
            <labels>
                <label name='language' value='javascript'/>
                <label name='framework' value='wdio'/>
                <label name='thread' value='0-0'/>
            </labels>
            <parameters>
                <parameter kind='argument' name='browser' value='chrome'/>
                <parameter kind='environment-variable' name='capabilities' value='{"maxInstances":5,"browserName":"chrome"}'/>
                <parameter kind='environment-variable' name='spec files' value='["/home/njhurtado/MISO4208_201902_TestMen/testmen-worker-random/test/specs/gremlins-test.js"]'/>
            </parameters>
            <steps>
                <step start='1574561934856' status='passed' stop='1574561935278'>
                    <name>POST /wd/hub/session/2d0aa966c988e7787f0cd7c8e51f33d2/url</name>
                    <title>POST /wd/hub/session/2d0aa966c988e7787f0cd7c8e51f33d2/url</title>
                    <attachments>
                        <attachment title='Request' source='3f27fadf-43d0-4ca1-b93e-f25016d75fd5-attachment.json' type='application/json' size='43'/>
                        <attachment title='Response' source='79a8719e-2a0f-48df-95b2-537563650482-attachment.json' type='application/json' size='91'/>
                    </attachments>
                    <steps/>
                </step>
                <step start='1574561935290' status='passed' stop='1574561935322'>
                    <name>POST /wd/hub/session/2d0aa966c988e7787f0cd7c8e51f33d2/elements</name>
                    <title>POST /wd/hub/session/2d0aa966c988e7787f0cd7c8e51f33d2/elements</title>
                    <attachments>
                        <attachment title='Request' source='2e5e0772-7219-49e3-8aca-6cd7c4a9a9e9-attachment.json' type='application/json' size='60'/>
                        <attachment title='Response' source='23f8923e-cb29-4145-96f7-7c1c75a60e8a-attachment.json' type='application/json' size='160'/>
                    </attachments>
                    <steps/>
                </step>
                <step start='1574561935323' status='passed' stop='1574561935354'>
                    <name>GET /wd/hub/session/2d0aa966c988e7787f0cd7c8e51f33d2/element/0.3117597088202484-1/displayed</name>
                    <title>GET /wd/hub/session/2d0aa966c988e7787f0cd7c8e51f33d2/element/0.3117597088202484-1/displayed</title>
                    <attachments>
                        <attachment title='Response' source='9dd35fa1-3702-488c-9d39-7944b90a67d2-attachment.json' type='application/json' size='91'/>
                    </attachments>
                    <steps/>
                </step>
                <step start='1574561935360' status='passed' stop='1574561935386'>
                    <name>POST /wd/hub/session/2d0aa966c988e7787f0cd7c8e51f33d2/element</name>
                    <title>POST /wd/hub/session/2d0aa966c988e7787f0cd7c8e51f33d2/element</title>
                    <attachments>
                        <attachment title='Request' source='77af69c3-25b8-478e-9f44-fe903e854a50-attachment.json' type='application/json' size='60'/>
                        <attachment title='Response' source='a47d8f31-7ca1-48d3-a643-c23c0bc8d686-attachment.json' type='application/json' size='136'/>
                    </attachments>
                    <steps/>
                </step>
                <step start='1574561935391' status='passed' stop='1574561935420'>
                    <name>POST /wd/hub/session/2d0aa966c988e7787f0cd7c8e51f33d2/element/0.3117597088202484-1/element</name>
                    <title>POST /wd/hub/session/2d0aa966c988e7787f0cd7c8e51f33d2/element/0.3117597088202484-1/element</title>
                    <attachments>
                        <attachment title='Request' source='52d9ce1d-2569-40f1-aa7b-67f00472e83f-attachment.json' type='application/json' size='72'/>
                        <attachment title='Response' source='a20aa113-3c08-4caa-bb56-9271017e338a-attachment.json' type='application/json' size='136'/>
                    </attachments>
                    <steps/>
                </step>
                <step start='1574561935426' status='passed' stop='1574561935501'>
                    <name>POST /wd/hub/session/2d0aa966c988e7787f0cd7c8e51f33d2/element/0.3117597088202484-2/click</name>
                    <title>POST /wd/hub/session/2d0aa966c988e7787f0cd7c8e51f33d2/element/0.3117597088202484-2/click</title>
                    <attachments>
                        <attachment title='Response' source='737ab77d-bf8b-4a01-8eb3-ec9325be9754-attachment.json' type='application/json' size='91'/>
                    </attachments>
                    <steps/>
                </step>
                <step start='1574561935520' status='passed' stop='1574561935556'>
                    <name>POST /wd/hub/session/2d0aa966c988e7787f0cd7c8e51f33d2/keys</name>
                    <title>POST /wd/hub/session/2d0aa966c988e7787f0cd7c8e51f33d2/keys</title>
                    <attachments>
                        <attachment title='Request' source='ee145843-b4dd-47ee-82ee-59baa1fcc0d1-attachment.json' type='application/json' size='88'/>
                        <attachment title='Response' source='f80feb9c-3649-4972-97a4-e2693d374d77-attachment.json' type='application/json' size='91'/>
                    </attachments>
                    <steps/>
                </step>
                <step start='1574561935562' status='passed' stop='1574561935590'>
                    <name>POST /wd/hub/session/2d0aa966c988e7787f0cd7c8e51f33d2/element/0.3117597088202484-1/element</name>
                    <title>POST /wd/hub/session/2d0aa966c988e7787f0cd7c8e51f33d2/element/0.3117597088202484-1/element</title>
                    <attachments>
                        <attachment title='Request' source='7da5f5b5-3b1a-4e93-a67f-3e13b4fefa5a-attachment.json' type='application/json' size='72'/>
                        <attachment title='Response' source='939d62e4-e1e9-454b-a826-4d3a2740a7b5-attachment.json' type='application/json' size='136'/>
                    </attachments>
                    <steps/>
                </step>
                <step start='1574561935595' status='passed' stop='1574561935691'>
                    <name>POST /wd/hub/session/2d0aa966c988e7787f0cd7c8e51f33d2/element/0.3117597088202484-3/click</name>
                    <title>POST /wd/hub/session/2d0aa966c988e7787f0cd7c8e51f33d2/element/0.3117597088202484-3/click</title>
                    <attachments>
                        <attachment title='Response' source='dbb48c07-f422-401c-8fb4-bf498f0ef72e-attachment.json' type='application/json' size='91'/>
                    </attachments>
                    <steps/>
                </step>
                <step start='1574561935695' status='passed' stop='1574561935764'>
                    <name>POST /wd/hub/session/2d0aa966c988e7787f0cd7c8e51f33d2/keys</name>
                    <title>POST /wd/hub/session/2d0aa966c988e7787f0cd7c8e51f33d2/keys</title>
                    <attachments>
                        <attachment title='Request' source='280cf90e-535a-4a86-bbe0-43638d5aa269-attachment.json' type='application/json' size='153'/>
                        <attachment title='Response' source='fefd5a19-761f-4810-9b14-39afe58e04a0-attachment.json' type='application/json' size='91'/>
                    </attachments>
                    <steps/>
                </step>
                <step start='1574561935772' status='passed' stop='1574561935798'>
                    <name>POST /wd/hub/session/2d0aa966c988e7787f0cd7c8e51f33d2/element/0.3117597088202484-1/element</name>
                    <title>POST /wd/hub/session/2d0aa966c988e7787f0cd7c8e51f33d2/element/0.3117597088202484-1/element</title>
                    <attachments>
                        <attachment title='Request' source='487f402c-172d-48b2-a3b7-8daba30e65ba-attachment.json' type='application/json' size='70'/>
                        <attachment title='Response' source='970fd1f7-88a1-42b6-ac5a-d6d2c3783e7d-attachment.json' type='application/json' size='136'/>
                    </attachments>
                    <steps/>
                </step>
                <step start='1574561935803' status='passed' stop='1574561936581'>
                    <name>POST /wd/hub/session/2d0aa966c988e7787f0cd7c8e51f33d2/element/0.3117597088202484-4/click</name>
                    <title>POST /wd/hub/session/2d0aa966c988e7787f0cd7c8e51f33d2/element/0.3117597088202484-4/click</title>
                    <attachments>
                        <attachment title='Response' source='f7acbd79-3501-48cb-a0ab-687550d9894a-attachment.json' type='application/json' size='91'/>
                    </attachments>
                    <steps/>
                </step>
                <step start='1574561936592' status='passed' stop='1574561936618'>
                    <name>POST /wd/hub/session/2d0aa966c988e7787f0cd7c8e51f33d2/elements</name>
                    <title>POST /wd/hub/session/2d0aa966c988e7787f0cd7c8e51f33d2/elements</title>
                    <attachments>
                        <attachment title='Request' source='d4d4f4bc-cbc2-4222-9d5a-5e24e3cbb959-attachment.json' type='application/json' size='62'/>
                        <attachment title='Response' source='07981c17-8b1a-44c2-8e82-a6c171592621-attachment.json' type='application/json' size='161'/>
                    </attachments>
                    <steps/>
                </step>
                <step start='1574561936620' status='passed' stop='1574561936649'>
                    <name>GET /wd/hub/session/2d0aa966c988e7787f0cd7c8e51f33d2/element/0.13931353591709872-1/displayed</name>
                    <title>GET /wd/hub/session/2d0aa966c988e7787f0cd7c8e51f33d2/element/0.13931353591709872-1/displayed</title>
                    <attachments>
                        <attachment title='Response' source='83670b02-ccf3-4a24-8299-43c00490d125-attachment.json' type='application/json' size='91'/>
                    </attachments>
                    <steps/>
                </step>
                <step start='1574561936657' status='passed' stop='1574561936684'>
                    <name>POST /wd/hub/session/2d0aa966c988e7787f0cd7c8e51f33d2/element</name>
                    <title>POST /wd/hub/session/2d0aa966c988e7787f0cd7c8e51f33d2/element</title>
                    <attachments>
                        <attachment title='Request' source='ede64029-e71a-4d32-943e-e2fa2371d351-attachment.json' type='application/json' size='69'/>
                        <attachment title='Response' source='c23e47eb-6eb2-41a3-910e-1de8df120e64-attachment.json' type='application/json' size='137'/>
                    </attachments>
                    <steps/>
                </step>
                <step start='1574561936691' status='passed' stop='1574561937036'>
                    <name>POST /wd/hub/session/2d0aa966c988e7787f0cd7c8e51f33d2/element/0.13931353591709872-2/click</name>
                    <title>POST /wd/hub/session/2d0aa966c988e7787f0cd7c8e51f33d2/element/0.13931353591709872-2/click</title>
                    <attachments>
                        <attachment title='Response' source='b511efe4-8e4c-41b9-9e06-296ff64e9e96-attachment.json' type='application/json' size='91'/>
                    </attachments>
                    <steps/>
                </step>
                <step start='1574561937042' status='passed' stop='1574561937092'>
                    <name>POST /wd/hub/session/2d0aa966c988e7787f0cd7c8e51f33d2/elements</name>
                    <title>POST /wd/hub/session/2d0aa966c988e7787f0cd7c8e51f33d2/elements</title>
                    <attachments>
                        <attachment title='Request' source='a9306245-094d-48b8-be48-149d3f3c8a3f-attachment.json' type='application/json' size='57'/>
                        <attachment title='Response' source='d34a4be7-34aa-4b6c-b887-bb26c0edd513-attachment.json' type='application/json' size='160'/>
                    </attachments>
                    <steps/>
                </step>
                <step start='1574561937093' status='passed' stop='1574561937136'>
                    <name>GET /wd/hub/session/2d0aa966c988e7787f0cd7c8e51f33d2/element/0.6009652739743179-1/displayed</name>
                    <title>GET /wd/hub/session/2d0aa966c988e7787f0cd7c8e51f33d2/element/0.6009652739743179-1/displayed</title>
                    <attachments>
                        <attachment title='Response' source='5d4c1633-d00d-4730-bbb6-d5ddcb1a4af8-attachment.json' type='application/json' size='91'/>
                    </attachments>
                    <steps/>
                </step>
                <step start='1574561937138' status='passed' stop='1574561937167'>
                    <name>POST /wd/hub/session/2d0aa966c988e7787f0cd7c8e51f33d2/element</name>
                    <title>POST /wd/hub/session/2d0aa966c988e7787f0cd7c8e51f33d2/element</title>
                    <attachments>
                        <attachment title='Request' source='00c3de91-10ed-4197-b80b-53c59753b101-attachment.json' type='application/json' size='83'/>
                        <attachment title='Response' source='8558f276-ce8b-45c5-a5df-7707f0e3b112-attachment.json' type='application/json' size='136'/>
                    </attachments>
                    <steps/>
                </step>
                <step start='1574561937170' status='passed' stop='1574561937594'>
                    <name>POST /wd/hub/session/2d0aa966c988e7787f0cd7c8e51f33d2/element/0.6009652739743179-2/click</name>
                    <title>POST /wd/hub/session/2d0aa966c988e7787f0cd7c8e51f33d2/element/0.6009652739743179-2/click</title>
                    <attachments>
                        <attachment title='Response' source='f3c82a1a-80b3-4fd2-8813-555d699aec1a-attachment.json' type='application/json' size='91'/>
                    </attachments>
                    <steps/>
                </step>
                <step start='1574561937597' status='passed' stop='1574561937606'>
                    <name>POST /wd/hub/session/2d0aa966c988e7787f0cd7c8e51f33d2/timeouts/async_script</name>
                    <title>POST /wd/hub/session/2d0aa966c988e7787f0cd7c8e51f33d2/timeouts/async_script</title>
                    <attachments>
                        <attachment title='Request' source='cfc9f291-c834-4458-b822-6bd7d9ab5ba8-attachment.json' type='application/json' size='20'/>
                        <attachment title='Response' source='895dac76-9773-41a0-89ec-af5188d6d31d-attachment.json' type='application/json' size='91'/>
                    </attachments>
                    <steps/>
                </step>
                <step start='1574561937609' status='passed' stop='1574561938250'>
                    <name>POST /wd/hub/session/2d0aa966c988e7787f0cd7c8e51f33d2/execute_async</name>
                    <title>POST /wd/hub/session/2d0aa966c988e7787f0cd7c8e51f33d2/execute_async</title>
                    <attachments>
                        <attachment title='Request' source='fb4d09e6-0e90-44e2-b7ad-86c9543a47cd-attachment.json' type='application/json' size='412'/>
                        <attachment title='Response' source='fee44865-97f0-4d7e-8fcd-341568d0239b-attachment.json' type='application/json' size='1069'/>
                    </attachments>
                    <steps/>
                </step>
                <step start='1574561938254' status='passed' stop='1574561938264'>
                    <name>POST /wd/hub/session/2d0aa966c988e7787f0cd7c8e51f33d2/timeouts/async_script</name>
                    <title>POST /wd/hub/session/2d0aa966c988e7787f0cd7c8e51f33d2/timeouts/async_script</title>
                    <attachments>
                        <attachment title='Request' source='1bcf6256-d2ec-40b0-8827-f7c20aed7325-attachment.json' type='application/json' size='20'/>
                        <attachment title='Response' source='34af0618-16b3-4457-b63f-d50798eddac7-attachment.json' type='application/json' size='91'/>
                    </attachments>
                    <steps/>
                </step>
                <step start='1574561938269' status='passed' stop='1574561939444'>
                    <name>POST /wd/hub/session/2d0aa966c988e7787f0cd7c8e51f33d2/execute_async</name>
                    <title>POST /wd/hub/session/2d0aa966c988e7787f0cd7c8e51f33d2/execute_async</title>
                    <attachments>
                        <attachment title='Request' source='896e07f5-285e-4ba6-a300-c18ef05602ff-attachment.json' type='application/json' size='2279'/>
                        <attachment title='Response' source='ac57ad64-e45c-4284-a6b8-18f29eb6da23-attachment.json' type='application/json' size='1459'/>
                    </attachments>
                    <steps/>
                </step>
                <step start='1574561939451' status='failed' stop='1574561939641'>
                    <name>GET /wd/hub/session/2d0aa966c988e7787f0cd7c8e51f33d2/screenshot</name>
                    <title>GET /wd/hub/session/2d0aa966c988e7787f0cd7c8e51f33d2/screenshot</title>
                    <attachments>
                        <attachment title='Screenshot' source='803a20c2-7db7-415a-b0a6-c096ec405db8-attachment.png' type='image/png' size='50951'/>
                    </attachments>
                    <steps/>
                </step>
                <step start='1574561939642' status='passed' stop='1574561940267'>
                    <name>POST /wd/hub/session/2d0aa966c988e7787f0cd7c8e51f33d2/log</name>
                    <title>POST /wd/hub/session/2d0aa966c988e7787f0cd7c8e51f33d2/log</title>
                    <attachments>
                        <attachment title='Request' source='2536efde-7210-4e2c-acb2-06e6509a03f5-attachment.json' type='application/json' size='25'/>
                        <attachment title='Response' source='37d10017-6252-4f74-a6a2-376aed628faa-attachment.json' type='application/json' size='4057'/>
                    </attachments>
                    <steps/>
                </step>
            </steps>
            <attachments/>
            <failure>
                <message>Failed: javascript error: Cannot read property 'createHorde' of undefined
                JavaScript stack:
                TypeError: Cannot read property 'createHorde' of undefined
                    at unleashGremlins (eval at executeAsyncScript (:457:5), &lt;anonymous>:33:31)
                    at eval (eval at executeAsyncScript (:457:5), &lt;anonymous>:56:4)
                    at eval (eval at executeAsyncScript (:457:5), &lt;anonymous>:56:29)
                    at executeAsyncScript (&lt;anonymous>:457:26)
                    at &lt;anonymous>:473:29
                    at callFunction (&lt;anonymous>:361:33)
                    at &lt;anonymous>:371:23
                    at &lt;anonymous>:372:3</message>
                <stack-trace>error properties: Object({ details: undefined, type: 'RuntimeError', seleniumStack: Object({ type: 'JavaScriptError', message: 'An error occurred while executing user supplied JavaScript.', orgStatusMessage: 'javascript error: Cannot read property 'createHorde' of undefined
                JavaScript stack:
                TypeError: Cannot read property 'createHorde' of undefined
                    at unleashGremlins (eval at executeAsyncScript (:457:5), &lt;anonymous>:33:31)
                    at eval (eval at executeAsyncScript (:457:5), &lt;anonymous>:56:4)
                    at eval (eval at executeAsyncScript (:457:5), &lt;anonymous>:56:29)
                    at executeAsyncScript (&lt;anonymous>:457:26)
                    at &lt;anonymous>:473:29
                    at callFunction (&lt;anonymous>:361:33)
                    at &lt;anonymous>:371:23
                    at &lt;anonymous>:372:3
                  (Session info: chrome=78.0.3904.70)
                  (Driver info: chromedriver=2.43.600233 (523efee95e3d68b8719b3a1c83051aa63aa6b10d),platform=Linux 5.0.0-32-generic x86_64)' }), shotTaken: true })
                    at &lt;Jasmine>
                    at executeAsync(&lt;Function>, 50000) - index.js:312:3</stack-trace>
            </failure>
        </test-case>
    </test-cases>
</ns2:test-suite>