<?xml version='1.0'?>
<ns2:test-suite xmlns:ns2='urn:model.allure.qatools.yandex.ru' start='1574560523399' stop='1574560535113'>
    <name>Monkey testing with gremlins </name>
    <title>Monkey testing with gremlins </title>
    <test-cases>
        <test-case start='1574560523400' status='failed' stop='1574560535086'>
            <name>it should not raise any error</name>
            <title>it should not raise any error</title>
            <labels>
                <label name='language' value='javascript'/>
                <label name='framework' value='wdio'/>
                <label name='thread' value='0-0'/>
            </labels>
            <parameters>
                <parameter kind='argument' name='browser' value='chrome'/>
                <parameter kind='environment-variable' name='capabilities' value='{"maxInstances":5,"browserName":"chrome"}'/>
                <parameter kind='environment-variable' name='spec files' value='["/home/njhurtado/MISO4208_201902_TestMen/testmen-worker-random/test/specs/gremlins-test.js"]'/>
            </parameters>
            <steps>
                <step start='1574560523439' status='passed' stop='1574560526576'>
                    <name>POST /wd/hub/session/3dd24500ed8a1eea7580b0a1e922aabe/url</name>
                    <title>POST /wd/hub/session/3dd24500ed8a1eea7580b0a1e922aabe/url</title>
                    <attachments>
                        <attachment title='Request' source='4d6e9763-acf8-4124-a8f1-bcc57f471213-attachment.json' type='application/json' size='43'/>
                        <attachment title='Response' source='aa042db1-dbe9-45eb-8c7b-2e153317bb2d-attachment.json' type='application/json' size='91'/>
                    </attachments>
                    <steps/>
                </step>
                <step start='1574560526590' status='passed' stop='1574560526625'>
                    <name>POST /wd/hub/session/3dd24500ed8a1eea7580b0a1e922aabe/elements</name>
                    <title>POST /wd/hub/session/3dd24500ed8a1eea7580b0a1e922aabe/elements</title>
                    <attachments>
                        <attachment title='Request' source='133035d6-65ef-40dc-8e52-e254561bb99e-attachment.json' type='application/json' size='60'/>
                        <attachment title='Response' source='83547d73-3c45-4885-b59c-98bf417f7073-attachment.json' type='application/json' size='160'/>
                    </attachments>
                    <steps/>
                </step>
                <step start='1574560526626' status='passed' stop='1574560526659'>
                    <name>GET /wd/hub/session/3dd24500ed8a1eea7580b0a1e922aabe/element/0.3837914164300742-1/displayed</name>
                    <title>GET /wd/hub/session/3dd24500ed8a1eea7580b0a1e922aabe/element/0.3837914164300742-1/displayed</title>
                    <attachments>
                        <attachment title='Response' source='852dc944-27c4-40eb-a978-9148f0dbf894-attachment.json' type='application/json' size='91'/>
                    </attachments>
                    <steps/>
                </step>
                <step start='1574560526664' status='passed' stop='1574560526699'>
                    <name>POST /wd/hub/session/3dd24500ed8a1eea7580b0a1e922aabe/element</name>
                    <title>POST /wd/hub/session/3dd24500ed8a1eea7580b0a1e922aabe/element</title>
                    <attachments>
                        <attachment title='Request' source='d7f7e844-eded-439a-81f4-4a2c39d1dad7-attachment.json' type='application/json' size='60'/>
                        <attachment title='Response' source='64a7ebc7-3ea1-4c6f-991c-c2cace9446fc-attachment.json' type='application/json' size='136'/>
                    </attachments>
                    <steps/>
                </step>
                <step start='1574560526706' status='passed' stop='1574560526736'>
                    <name>POST /wd/hub/session/3dd24500ed8a1eea7580b0a1e922aabe/element/0.3837914164300742-1/element</name>
                    <title>POST /wd/hub/session/3dd24500ed8a1eea7580b0a1e922aabe/element/0.3837914164300742-1/element</title>
                    <attachments>
                        <attachment title='Request' source='e61c4323-6bb8-4897-8de5-3da92400957b-attachment.json' type='application/json' size='72'/>
                        <attachment title='Response' source='2631535c-99c7-45db-8f96-3acc219c627b-attachment.json' type='application/json' size='136'/>
                    </attachments>
                    <steps/>
                </step>
                <step start='1574560526742' status='passed' stop='1574560526827'>
                    <name>POST /wd/hub/session/3dd24500ed8a1eea7580b0a1e922aabe/element/0.3837914164300742-2/click</name>
                    <title>POST /wd/hub/session/3dd24500ed8a1eea7580b0a1e922aabe/element/0.3837914164300742-2/click</title>
                    <attachments>
                        <attachment title='Response' source='e2fe2100-e100-4a63-aa1e-9b43469f3fdc-attachment.json' type='application/json' size='91'/>
                    </attachments>
                    <steps/>
                </step>
                <step start='1574560526842' status='passed' stop='1574560526874'>
                    <name>POST /wd/hub/session/3dd24500ed8a1eea7580b0a1e922aabe/keys</name>
                    <title>POST /wd/hub/session/3dd24500ed8a1eea7580b0a1e922aabe/keys</title>
                    <attachments>
                        <attachment title='Request' source='b3f64ac5-2d3d-481a-affb-9fb8fe83183e-attachment.json' type='application/json' size='88'/>
                        <attachment title='Response' source='e7e03bad-95d9-4777-8717-4d1c07d0a389-attachment.json' type='application/json' size='91'/>
                    </attachments>
                    <steps/>
                </step>
                <step start='1574560526879' status='passed' stop='1574560526914'>
                    <name>POST /wd/hub/session/3dd24500ed8a1eea7580b0a1e922aabe/element/0.3837914164300742-1/element</name>
                    <title>POST /wd/hub/session/3dd24500ed8a1eea7580b0a1e922aabe/element/0.3837914164300742-1/element</title>
                    <attachments>
                        <attachment title='Request' source='5e3a002b-3939-45ef-973e-f1e711734a44-attachment.json' type='application/json' size='72'/>
                        <attachment title='Response' source='c8c54f1f-ad63-4a44-ac9a-e04c9276290b-attachment.json' type='application/json' size='136'/>
                    </attachments>
                    <steps/>
                </step>
                <step start='1574560526921' status='passed' stop='1574560526989'>
                    <name>POST /wd/hub/session/3dd24500ed8a1eea7580b0a1e922aabe/element/0.3837914164300742-3/click</name>
                    <title>POST /wd/hub/session/3dd24500ed8a1eea7580b0a1e922aabe/element/0.3837914164300742-3/click</title>
                    <attachments>
                        <attachment title='Response' source='e1d0b89a-4be9-4ae9-af8e-27f15ec0244e-attachment.json' type='application/json' size='91'/>
                    </attachments>
                    <steps/>
                </step>
                <step start='1574560526995' status='passed' stop='1574560527049'>
                    <name>POST /wd/hub/session/3dd24500ed8a1eea7580b0a1e922aabe/keys</name>
                    <title>POST /wd/hub/session/3dd24500ed8a1eea7580b0a1e922aabe/keys</title>
                    <attachments>
                        <attachment title='Request' source='50e373c4-8870-4288-befd-2b0e59ba9633-attachment.json' type='application/json' size='153'/>
                        <attachment title='Response' source='c9d15ceb-acb6-4f60-80a0-2bb1d9474b5f-attachment.json' type='application/json' size='91'/>
                    </attachments>
                    <steps/>
                </step>
                <step start='1574560527053' status='passed' stop='1574560527086'>
                    <name>POST /wd/hub/session/3dd24500ed8a1eea7580b0a1e922aabe/element/0.3837914164300742-1/element</name>
                    <title>POST /wd/hub/session/3dd24500ed8a1eea7580b0a1e922aabe/element/0.3837914164300742-1/element</title>
                    <attachments>
                        <attachment title='Request' source='b30494ca-8609-45c6-8f6c-549e986ef42f-attachment.json' type='application/json' size='70'/>
                        <attachment title='Response' source='55e3e9f4-0ddf-4bb1-9e6c-99685a411e01-attachment.json' type='application/json' size='136'/>
                    </attachments>
                    <steps/>
                </step>
                <step start='1574560527090' status='passed' stop='1574560528279'>
                    <name>POST /wd/hub/session/3dd24500ed8a1eea7580b0a1e922aabe/element/0.3837914164300742-4/click</name>
                    <title>POST /wd/hub/session/3dd24500ed8a1eea7580b0a1e922aabe/element/0.3837914164300742-4/click</title>
                    <attachments>
                        <attachment title='Response' source='f669e91e-fadb-4754-bb03-a1a94c2cf5c9-attachment.json' type='application/json' size='91'/>
                    </attachments>
                    <steps/>
                </step>
                <step start='1574560528286' status='passed' stop='1574560528311'>
                    <name>POST /wd/hub/session/3dd24500ed8a1eea7580b0a1e922aabe/elements</name>
                    <title>POST /wd/hub/session/3dd24500ed8a1eea7580b0a1e922aabe/elements</title>
                    <attachments>
                        <attachment title='Request' source='8fe6ec39-56d0-4251-a93c-423ca92b7844-attachment.json' type='application/json' size='62'/>
                        <attachment title='Response' source='df702aab-9eaa-444c-b0f9-430d7262a607-attachment.json' type='application/json' size='161'/>
                    </attachments>
                    <steps/>
                </step>
                <step start='1574560528312' status='passed' stop='1574560528342'>
                    <name>GET /wd/hub/session/3dd24500ed8a1eea7580b0a1e922aabe/element/0.34043608820599935-1/displayed</name>
                    <title>GET /wd/hub/session/3dd24500ed8a1eea7580b0a1e922aabe/element/0.34043608820599935-1/displayed</title>
                    <attachments>
                        <attachment title='Response' source='6ff76162-c177-45f0-8df5-7fd7b91e3396-attachment.json' type='application/json' size='91'/>
                    </attachments>
                    <steps/>
                </step>
                <step start='1574560528344' status='passed' stop='1574560528370'>
                    <name>POST /wd/hub/session/3dd24500ed8a1eea7580b0a1e922aabe/element</name>
                    <title>POST /wd/hub/session/3dd24500ed8a1eea7580b0a1e922aabe/element</title>
                    <attachments>
                        <attachment title='Request' source='383a102b-dbe4-4f67-b510-b650cd3655cd-attachment.json' type='application/json' size='69'/>
                        <attachment title='Response' source='912411d4-b67f-4213-8873-79c520a5cc38-attachment.json' type='application/json' size='137'/>
                    </attachments>
                    <steps/>
                </step>
                <step start='1574560528376' status='passed' stop='1574560528731'>
                    <name>POST /wd/hub/session/3dd24500ed8a1eea7580b0a1e922aabe/element/0.34043608820599935-2/click</name>
                    <title>POST /wd/hub/session/3dd24500ed8a1eea7580b0a1e922aabe/element/0.34043608820599935-2/click</title>
                    <attachments>
                        <attachment title='Response' source='52625b22-5005-40ac-8209-ea0eab096668-attachment.json' type='application/json' size='91'/>
                    </attachments>
                    <steps/>
                </step>
                <step start='1574560528738' status='passed' stop='1574560528784'>
                    <name>POST /wd/hub/session/3dd24500ed8a1eea7580b0a1e922aabe/elements</name>
                    <title>POST /wd/hub/session/3dd24500ed8a1eea7580b0a1e922aabe/elements</title>
                    <attachments>
                        <attachment title='Request' source='3a2840ea-f2a3-4363-81cd-e350019bf715-attachment.json' type='application/json' size='57'/>
                        <attachment title='Response' source='48a5a4e8-2b86-4f02-aeb0-166d8bc3940d-attachment.json' type='application/json' size='160'/>
                    </attachments>
                    <steps/>
                </step>
                <step start='1574560528785' status='passed' stop='1574560528814'>
                    <name>GET /wd/hub/session/3dd24500ed8a1eea7580b0a1e922aabe/element/0.9123370795199655-1/displayed</name>
                    <title>GET /wd/hub/session/3dd24500ed8a1eea7580b0a1e922aabe/element/0.9123370795199655-1/displayed</title>
                    <attachments>
                        <attachment title='Response' source='e6931dd7-0499-4b22-8453-abd986f0017b-attachment.json' type='application/json' size='91'/>
                    </attachments>
                    <steps/>
                </step>
                <step start='1574560528818' status='passed' stop='1574560528874'>
                    <name>POST /wd/hub/session/3dd24500ed8a1eea7580b0a1e922aabe/element</name>
                    <title>POST /wd/hub/session/3dd24500ed8a1eea7580b0a1e922aabe/element</title>
                    <attachments>
                        <attachment title='Request' source='bce9cbaa-04f3-4c55-97db-6491258303a0-attachment.json' type='application/json' size='93'/>
                        <attachment title='Response' source='d59b6385-9cfa-4222-a067-d007804a16fb-attachment.json' type='application/json' size='136'/>
                    </attachments>
                    <steps/>
                </step>
                <step start='1574560528878' status='passed' stop='1574560530153'>
                    <name>POST /wd/hub/session/3dd24500ed8a1eea7580b0a1e922aabe/element/0.9123370795199655-2/click</name>
                    <title>POST /wd/hub/session/3dd24500ed8a1eea7580b0a1e922aabe/element/0.9123370795199655-2/click</title>
                    <attachments>
                        <attachment title='Response' source='d862d18c-f7a4-4837-b93a-9ce4f5e9a449-attachment.json' type='application/json' size='91'/>
                    </attachments>
                    <steps/>
                </step>
                <step start='1574560530157' status='passed' stop='1574560530169'>
                    <name>POST /wd/hub/session/3dd24500ed8a1eea7580b0a1e922aabe/timeouts/async_script</name>
                    <title>POST /wd/hub/session/3dd24500ed8a1eea7580b0a1e922aabe/timeouts/async_script</title>
                    <attachments>
                        <attachment title='Request' source='ca4e3c2b-51d6-4441-8305-c5c670061f7f-attachment.json' type='application/json' size='20'/>
                        <attachment title='Response' source='5ad35d11-6fe3-4d94-a018-cc13c67934ba-attachment.json' type='application/json' size='91'/>
                    </attachments>
                    <steps/>
                </step>
                <step start='1574560530172' status='passed' stop='1574560532766'>
                    <name>POST /wd/hub/session/3dd24500ed8a1eea7580b0a1e922aabe/execute_async</name>
                    <title>POST /wd/hub/session/3dd24500ed8a1eea7580b0a1e922aabe/execute_async</title>
                    <attachments>
                        <attachment title='Request' source='0d21b7fc-5d0a-4d5f-9494-fa36e9a6ded0-attachment.json' type='application/json' size='412'/>
                        <attachment title='Response' source='b2eb15a5-6f41-4af6-b94d-2aea5c0cee4b-attachment.json' type='application/json' size='1074'/>
                    </attachments>
                    <steps/>
                </step>
                <step start='1574560532769' status='passed' stop='1574560532777'>
                    <name>POST /wd/hub/session/3dd24500ed8a1eea7580b0a1e922aabe/timeouts/async_script</name>
                    <title>POST /wd/hub/session/3dd24500ed8a1eea7580b0a1e922aabe/timeouts/async_script</title>
                    <attachments>
                        <attachment title='Request' source='1c0525a1-25cb-4e37-897d-0b788b5a8533-attachment.json' type='application/json' size='20'/>
                        <attachment title='Response' source='2c8524a7-4de8-4827-9444-a4167704ac3c-attachment.json' type='application/json' size='91'/>
                    </attachments>
                    <steps/>
                </step>
                <step start='1574560532783' status='passed' stop='1574560534888'>
                    <name>POST /wd/hub/session/3dd24500ed8a1eea7580b0a1e922aabe/execute_async</name>
                    <title>POST /wd/hub/session/3dd24500ed8a1eea7580b0a1e922aabe/execute_async</title>
                    <attachments>
                        <attachment title='Request' source='260a3e7e-f671-4a78-98eb-016e2ba9d49f-attachment.json' type='application/json' size='2279'/>
                        <attachment title='Response' source='5934a73c-b612-4887-a017-2b2803257300-attachment.json' type='application/json' size='1459'/>
                    </attachments>
                    <steps/>
                </step>
                <step start='1574560534893' status='failed' stop='1574560535086'>
                    <name>GET /wd/hub/session/3dd24500ed8a1eea7580b0a1e922aabe/screenshot</name>
                    <title>GET /wd/hub/session/3dd24500ed8a1eea7580b0a1e922aabe/screenshot</title>
                    <attachments>
                        <attachment title='Screenshot' source='4fb3166c-1245-4689-96fa-6e100cf9e62d-attachment.png' type='image/png' size='50951'/>
                    </attachments>
                    <steps/>
                </step>
                <step start='1574560535088' status='passed' stop='1574560535104'>
                    <name>POST /wd/hub/session/3dd24500ed8a1eea7580b0a1e922aabe/log</name>
                    <title>POST /wd/hub/session/3dd24500ed8a1eea7580b0a1e922aabe/log</title>
                    <attachments>
                        <attachment title='Request' source='fb54681e-38eb-4e4a-8e3b-ef1d445724b5-attachment.json' type='application/json' size='25'/>
                        <attachment title='Response' source='9e135f97-5d32-45a3-b7b5-5af28cc1181e-attachment.json' type='application/json' size='8867'/>
                    </attachments>
                    <steps/>
                </step>
            </steps>
            <attachments/>
            <failure>
                <message>Failed: javascript error: Cannot read property 'createHorde' of undefined
                JavaScript stack:
                TypeError: Cannot read property 'createHorde' of undefined
                    at unleashGremlins (eval at executeAsyncScript (:457:5), &lt;anonymous>:33:31)
                    at eval (eval at executeAsyncScript (:457:5), &lt;anonymous>:56:4)
                    at eval (eval at executeAsyncScript (:457:5), &lt;anonymous>:56:29)
                    at executeAsyncScript (&lt;anonymous>:457:26)
                    at &lt;anonymous>:473:29
                    at callFunction (&lt;anonymous>:361:33)
                    at &lt;anonymous>:371:23
                    at &lt;anonymous>:372:3</message>
                <stack-trace>error properties: Object({ details: undefined, type: 'RuntimeError', seleniumStack: Object({ type: 'JavaScriptError', message: 'An error occurred while executing user supplied JavaScript.', orgStatusMessage: 'javascript error: Cannot read property 'createHorde' of undefined
                JavaScript stack:
                TypeError: Cannot read property 'createHorde' of undefined
                    at unleashGremlins (eval at executeAsyncScript (:457:5), &lt;anonymous>:33:31)
                    at eval (eval at executeAsyncScript (:457:5), &lt;anonymous>:56:4)
                    at eval (eval at executeAsyncScript (:457:5), &lt;anonymous>:56:29)
                    at executeAsyncScript (&lt;anonymous>:457:26)
                    at &lt;anonymous>:473:29
                    at callFunction (&lt;anonymous>:361:33)
                    at &lt;anonymous>:371:23
                    at &lt;anonymous>:372:3
                  (Session info: chrome=78.0.3904.70)
                  (Driver info: chromedriver=2.43.600233 (523efee95e3d68b8719b3a1c83051aa63aa6b10d),platform=Linux 5.0.0-32-generic x86_64)' }), shotTaken: true })
                    at &lt;Jasmine>
                    at executeAsync(&lt;Function>, 50000) - index.js:312:3</stack-trace>
            </failure>
        </test-case>
    </test-cases>
</ns2:test-suite>