{
    "sessionId": "2b6ba631465ba28cb46f779b1ff8e6d8",
    "status": 0,
    "value": {
        "AT_TARGET": 2,
        "BUBBLING_PHASE": 3,
        "CAPTURING_PHASE": 1,
        "NONE": 0,
        "bubbles": false,
        "cancelBubble": false,
        "cancelable": false,
        "composed": false,
        "composedPath": {},
        "currentTarget": null,
        "defaultPrevented": false,
        "eventPhase": 0,
        "initEvent": {},
        "isTrusted": true,
        "path": [
            {
                "ELEMENT": "0.9280716550432466-1"
            },
            {
                "ELEMENT": "0.9280716550432466-2"
            },
            {
                "ELEMENT": "0.9280716550432466-3"
            },
            {
                "ELEMENT": "0.9280716550432466-4"
            }
        ],
        "preventDefault": {},
        "returnValue": true,
        "srcElement": null,
        "stopImmediatePropagation": {},
        "stopPropagation": {},
        "target": null,
        "timeStamp": 1002.875000000131,
        "type": "load"
    }
}