<?xml version='1.0'?>
<ns2:test-suite xmlns:ns2='urn:model.allure.qatools.yandex.ru' start='1574561857694' stop='1574561882947'>
    <name>Monkey testing with gremlins </name>
    <title>Monkey testing with gremlins </title>
    <test-cases>
        <test-case start='1574561857696' status='failed' stop='1574561882924'>
            <name>it should not raise any error</name>
            <title>it should not raise any error</title>
            <labels>
                <label name='language' value='javascript'/>
                <label name='framework' value='wdio'/>
                <label name='thread' value='0-0'/>
            </labels>
            <parameters>
                <parameter kind='argument' name='browser' value='chrome'/>
                <parameter kind='environment-variable' name='capabilities' value='{"maxInstances":5,"browserName":"chrome"}'/>
                <parameter kind='environment-variable' name='spec files' value='["/home/njhurtado/MISO4208_201902_TestMen/testmen-worker-random/test/specs/gremlins-test.js"]'/>
            </parameters>
            <steps>
                <step start='1574561857701' status='passed' stop='1574561858166'>
                    <name>POST /wd/hub/session/9a3ed185343d6643e0ff7efd1df9f106/url</name>
                    <title>POST /wd/hub/session/9a3ed185343d6643e0ff7efd1df9f106/url</title>
                    <attachments>
                        <attachment title='Request' source='c82fbff8-1bcd-4f92-83dc-86dcaed71172-attachment.json' type='application/json' size='43'/>
                        <attachment title='Response' source='66a37fd8-a664-4254-a4da-8936befdabde-attachment.json' type='application/json' size='91'/>
                    </attachments>
                    <steps/>
                </step>
                <step start='1574561858180' status='passed' stop='1574561858215'>
                    <name>POST /wd/hub/session/9a3ed185343d6643e0ff7efd1df9f106/elements</name>
                    <title>POST /wd/hub/session/9a3ed185343d6643e0ff7efd1df9f106/elements</title>
                    <attachments>
                        <attachment title='Request' source='6c47e629-f368-4fc8-8c88-3a7e1425b90c-attachment.json' type='application/json' size='60'/>
                        <attachment title='Response' source='48a2f022-3fa8-42b8-be82-4bece1971a6e-attachment.json' type='application/json' size='160'/>
                    </attachments>
                    <steps/>
                </step>
                <step start='1574561858218' status='passed' stop='1574561858247'>
                    <name>GET /wd/hub/session/9a3ed185343d6643e0ff7efd1df9f106/element/0.6622008146426397-1/displayed</name>
                    <title>GET /wd/hub/session/9a3ed185343d6643e0ff7efd1df9f106/element/0.6622008146426397-1/displayed</title>
                    <attachments>
                        <attachment title='Response' source='e4f9fba3-c37c-4c29-9157-8c6da2f0ff10-attachment.json' type='application/json' size='91'/>
                    </attachments>
                    <steps/>
                </step>
                <step start='1574561858252' status='passed' stop='1574561858286'>
                    <name>POST /wd/hub/session/9a3ed185343d6643e0ff7efd1df9f106/element</name>
                    <title>POST /wd/hub/session/9a3ed185343d6643e0ff7efd1df9f106/element</title>
                    <attachments>
                        <attachment title='Request' source='d28517ce-9e83-4f27-9b7c-0599661f0b63-attachment.json' type='application/json' size='60'/>
                        <attachment title='Response' source='bc84dde9-0d17-49a5-b741-65d1cb10bc8f-attachment.json' type='application/json' size='136'/>
                    </attachments>
                    <steps/>
                </step>
                <step start='1574561858291' status='passed' stop='1574561858322'>
                    <name>POST /wd/hub/session/9a3ed185343d6643e0ff7efd1df9f106/element/0.6622008146426397-1/element</name>
                    <title>POST /wd/hub/session/9a3ed185343d6643e0ff7efd1df9f106/element/0.6622008146426397-1/element</title>
                    <attachments>
                        <attachment title='Request' source='9fdb663b-b6f3-4534-bfea-95633d2e8fca-attachment.json' type='application/json' size='72'/>
                        <attachment title='Response' source='84440031-6492-4fd3-89e9-91f6b9645494-attachment.json' type='application/json' size='136'/>
                    </attachments>
                    <steps/>
                </step>
                <step start='1574561858328' status='passed' stop='1574561858401'>
                    <name>POST /wd/hub/session/9a3ed185343d6643e0ff7efd1df9f106/element/0.6622008146426397-2/click</name>
                    <title>POST /wd/hub/session/9a3ed185343d6643e0ff7efd1df9f106/element/0.6622008146426397-2/click</title>
                    <attachments>
                        <attachment title='Response' source='9bae8c1b-1470-4921-9507-8159354c95c0-attachment.json' type='application/json' size='91'/>
                    </attachments>
                    <steps/>
                </step>
                <step start='1574561858417' status='passed' stop='1574561858454'>
                    <name>POST /wd/hub/session/9a3ed185343d6643e0ff7efd1df9f106/keys</name>
                    <title>POST /wd/hub/session/9a3ed185343d6643e0ff7efd1df9f106/keys</title>
                    <attachments>
                        <attachment title='Request' source='15986a75-3ea9-44da-905c-b1048dcfb9e0-attachment.json' type='application/json' size='88'/>
                        <attachment title='Response' source='0c6b27e0-1cc8-441c-8966-f767f57f6830-attachment.json' type='application/json' size='91'/>
                    </attachments>
                    <steps/>
                </step>
                <step start='1574561858459' status='passed' stop='1574561858487'>
                    <name>POST /wd/hub/session/9a3ed185343d6643e0ff7efd1df9f106/element/0.6622008146426397-1/element</name>
                    <title>POST /wd/hub/session/9a3ed185343d6643e0ff7efd1df9f106/element/0.6622008146426397-1/element</title>
                    <attachments>
                        <attachment title='Request' source='6fb6ad74-0a9c-4bf7-aa1e-170a4d555f30-attachment.json' type='application/json' size='72'/>
                        <attachment title='Response' source='1c3de4e7-0dcd-40a9-960f-18ce7b3e8a53-attachment.json' type='application/json' size='136'/>
                    </attachments>
                    <steps/>
                </step>
                <step start='1574561858493' status='passed' stop='1574561858559'>
                    <name>POST /wd/hub/session/9a3ed185343d6643e0ff7efd1df9f106/element/0.6622008146426397-3/click</name>
                    <title>POST /wd/hub/session/9a3ed185343d6643e0ff7efd1df9f106/element/0.6622008146426397-3/click</title>
                    <attachments>
                        <attachment title='Response' source='137b7445-d394-4bc6-bc3a-93721a6d8237-attachment.json' type='application/json' size='91'/>
                    </attachments>
                    <steps/>
                </step>
                <step start='1574561858565' status='passed' stop='1574561858626'>
                    <name>POST /wd/hub/session/9a3ed185343d6643e0ff7efd1df9f106/keys</name>
                    <title>POST /wd/hub/session/9a3ed185343d6643e0ff7efd1df9f106/keys</title>
                    <attachments>
                        <attachment title='Request' source='83c02711-733f-4963-b9c6-c3547cd0cffd-attachment.json' type='application/json' size='153'/>
                        <attachment title='Response' source='477d46ec-c25a-4c69-b11c-f8a4033953d1-attachment.json' type='application/json' size='91'/>
                    </attachments>
                    <steps/>
                </step>
                <step start='1574561858632' status='passed' stop='1574561858661'>
                    <name>POST /wd/hub/session/9a3ed185343d6643e0ff7efd1df9f106/element/0.6622008146426397-1/element</name>
                    <title>POST /wd/hub/session/9a3ed185343d6643e0ff7efd1df9f106/element/0.6622008146426397-1/element</title>
                    <attachments>
                        <attachment title='Request' source='4d69c961-a011-49ba-9c9c-6ba426f3a590-attachment.json' type='application/json' size='70'/>
                        <attachment title='Response' source='b2e04e39-9fc1-431e-a71b-fb4c24aa7dfd-attachment.json' type='application/json' size='136'/>
                    </attachments>
                    <steps/>
                </step>
                <step start='1574561858664' status='passed' stop='1574561859363'>
                    <name>POST /wd/hub/session/9a3ed185343d6643e0ff7efd1df9f106/element/0.6622008146426397-4/click</name>
                    <title>POST /wd/hub/session/9a3ed185343d6643e0ff7efd1df9f106/element/0.6622008146426397-4/click</title>
                    <attachments>
                        <attachment title='Response' source='7cc995b9-f72b-4081-987d-a3e7efb0a222-attachment.json' type='application/json' size='91'/>
                    </attachments>
                    <steps/>
                </step>
                <step start='1574561859376' status='passed' stop='1574561859403'>
                    <name>POST /wd/hub/session/9a3ed185343d6643e0ff7efd1df9f106/elements</name>
                    <title>POST /wd/hub/session/9a3ed185343d6643e0ff7efd1df9f106/elements</title>
                    <attachments>
                        <attachment title='Request' source='9b0e5590-2356-41de-959a-fc58d2924cf7-attachment.json' type='application/json' size='62'/>
                        <attachment title='Response' source='e102d4be-5d7e-4cb9-b77e-55a9ea7f405d-attachment.json' type='application/json' size='161'/>
                    </attachments>
                    <steps/>
                </step>
                <step start='1574561859403' status='passed' stop='1574561859430'>
                    <name>GET /wd/hub/session/9a3ed185343d6643e0ff7efd1df9f106/element/0.46684402585596674-1/displayed</name>
                    <title>GET /wd/hub/session/9a3ed185343d6643e0ff7efd1df9f106/element/0.46684402585596674-1/displayed</title>
                    <attachments>
                        <attachment title='Response' source='65ac2f51-6e0d-4bac-b03b-693fc17e3eac-attachment.json' type='application/json' size='91'/>
                    </attachments>
                    <steps/>
                </step>
                <step start='1574561859433' status='passed' stop='1574561859457'>
                    <name>POST /wd/hub/session/9a3ed185343d6643e0ff7efd1df9f106/element</name>
                    <title>POST /wd/hub/session/9a3ed185343d6643e0ff7efd1df9f106/element</title>
                    <attachments>
                        <attachment title='Request' source='b91b2de2-9ef8-4615-8b3f-33bba0943307-attachment.json' type='application/json' size='69'/>
                        <attachment title='Response' source='19fcdd57-3ed6-4857-ba93-f38c71f898ef-attachment.json' type='application/json' size='137'/>
                    </attachments>
                    <steps/>
                </step>
                <step start='1574561859463' status='passed' stop='1574561859777'>
                    <name>POST /wd/hub/session/9a3ed185343d6643e0ff7efd1df9f106/element/0.46684402585596674-2/click</name>
                    <title>POST /wd/hub/session/9a3ed185343d6643e0ff7efd1df9f106/element/0.46684402585596674-2/click</title>
                    <attachments>
                        <attachment title='Response' source='f9c4a920-cc1e-44b8-846d-801d5379dd32-attachment.json' type='application/json' size='91'/>
                    </attachments>
                    <steps/>
                </step>
                <step start='1574561859783' status='passed' stop='1574561859815'>
                    <name>POST /wd/hub/session/9a3ed185343d6643e0ff7efd1df9f106/elements</name>
                    <title>POST /wd/hub/session/9a3ed185343d6643e0ff7efd1df9f106/elements</title>
                    <attachments>
                        <attachment title='Request' source='db2f98d2-6861-41ec-b08b-bcee5a52b150-attachment.json' type='application/json' size='57'/>
                        <attachment title='Response' source='be036bd4-3b9d-406a-b5dd-3ac89a51d8c4-attachment.json' type='application/json' size='161'/>
                    </attachments>
                    <steps/>
                </step>
                <step start='1574561859816' status='passed' stop='1574561860279'>
                    <name>GET /wd/hub/session/9a3ed185343d6643e0ff7efd1df9f106/element/0.23062755110176414-1/displayed</name>
                    <title>GET /wd/hub/session/9a3ed185343d6643e0ff7efd1df9f106/element/0.23062755110176414-1/displayed</title>
                    <attachments>
                        <attachment title='Response' source='37d88998-0295-416b-a782-8cc152ac0c36-attachment.json' type='application/json' size='91'/>
                    </attachments>
                    <steps/>
                </step>
                <step start='1574561860280' status='passed' stop='1574561860281'>
                    <name>POST /wd/hub/session/9a3ed185343d6643e0ff7efd1df9f106/element</name>
                    <title>POST /wd/hub/session/9a3ed185343d6643e0ff7efd1df9f106/element</title>
                    <attachments>
                        <attachment title='Request' source='d492ca73-7662-40e0-b1c1-8034d66c69a5-attachment.json' type='application/json' size='93'/>
                        <attachment title='Response' source='0e17da52-9c2f-44fd-b710-597388452919-attachment.json' type='application/json' size='137'/>
                    </attachments>
                    <steps/>
                </step>
                <step start='1574561860282' status='passed' stop='1574561860317'>
                    <name>POST /wd/hub/session/9a3ed185343d6643e0ff7efd1df9f106/element/0.23062755110176414-2/click</name>
                    <title>POST /wd/hub/session/9a3ed185343d6643e0ff7efd1df9f106/element/0.23062755110176414-2/click</title>
                    <attachments>
                        <attachment title='Response' source='2db96776-7fe1-476e-b5b1-fd308ebb7af3-attachment.json' type='application/json' size='91'/>
                    </attachments>
                    <steps/>
                </step>
                <step start='1574561860322' status='passed' stop='1574561860331'>
                    <name>POST /wd/hub/session/9a3ed185343d6643e0ff7efd1df9f106/timeouts/async_script</name>
                    <title>POST /wd/hub/session/9a3ed185343d6643e0ff7efd1df9f106/timeouts/async_script</title>
                    <attachments>
                        <attachment title='Request' source='b691777f-9a58-4b08-a545-fc2b61610b4e-attachment.json' type='application/json' size='20'/>
                        <attachment title='Response' source='6a47e2b3-8976-421a-af9a-0e9f589dbcf6-attachment.json' type='application/json' size='91'/>
                    </attachments>
                    <steps/>
                </step>
                <step start='1574561860334' status='passed' stop='1574561861445'>
                    <name>POST /wd/hub/session/9a3ed185343d6643e0ff7efd1df9f106/execute_async</name>
                    <title>POST /wd/hub/session/9a3ed185343d6643e0ff7efd1df9f106/execute_async</title>
                    <attachments>
                        <attachment title='Request' source='d9c7e1ba-1565-4316-9c45-885e4ff360d1-attachment.json' type='application/json' size='412'/>
                        <attachment title='Response' source='3f886072-c798-42ef-aa54-b7db8549c763-attachment.json' type='application/json' size='1066'/>
                    </attachments>
                    <steps/>
                </step>
                <step start='1574561861450' status='passed' stop='1574561861531'>
                    <name>POST /wd/hub/session/9a3ed185343d6643e0ff7efd1df9f106/timeouts/async_script</name>
                    <title>POST /wd/hub/session/9a3ed185343d6643e0ff7efd1df9f106/timeouts/async_script</title>
                    <attachments>
                        <attachment title='Request' source='50265c8d-c01e-43d5-83ff-e05e5fd39bf4-attachment.json' type='application/json' size='20'/>
                        <attachment title='Response' source='55bc6caa-d741-4551-8f28-b06645900bda-attachment.json' type='application/json' size='91'/>
                    </attachments>
                    <steps/>
                </step>
                <step start='1574561861532' status='passed' stop='1574561882615'>
                    <name>POST /wd/hub/session/9a3ed185343d6643e0ff7efd1df9f106/execute_async</name>
                    <title>POST /wd/hub/session/9a3ed185343d6643e0ff7efd1df9f106/execute_async</title>
                    <attachments>
                        <attachment title='Request' source='b9be50d5-489e-4f3f-97b8-9956011bfa1c-attachment.json' type='application/json' size='2279'/>
                        <attachment title='Response' source='3ae15e55-335c-4e4a-a781-8df2a85df915-attachment.json' type='application/json' size='1459'/>
                    </attachments>
                    <steps/>
                </step>
                <step start='1574561882620' status='failed' stop='1574561882924'>
                    <name>GET /wd/hub/session/9a3ed185343d6643e0ff7efd1df9f106/screenshot</name>
                    <title>GET /wd/hub/session/9a3ed185343d6643e0ff7efd1df9f106/screenshot</title>
                    <attachments>
                        <attachment title='Screenshot' source='18641c71-3ab1-4eae-8c5d-c628d926a3ae-attachment.png' type='image/png' size='137463'/>
                    </attachments>
                    <steps/>
                </step>
                <step start='1574561882926' status='passed' stop='1574561882943'>
                    <name>POST /wd/hub/session/9a3ed185343d6643e0ff7efd1df9f106/log</name>
                    <title>POST /wd/hub/session/9a3ed185343d6643e0ff7efd1df9f106/log</title>
                    <attachments>
                        <attachment title='Request' source='8a349830-529b-4129-a128-312a7a455f7f-attachment.json' type='application/json' size='25'/>
                        <attachment title='Response' source='63e549c9-aafd-41a5-87a6-661a1e8069b4-attachment.json' type='application/json' size='13173'/>
                    </attachments>
                    <steps/>
                </step>
            </steps>
            <attachments/>
            <failure>
                <message>Failed: javascript error: Cannot read property 'createHorde' of undefined
                JavaScript stack:
                TypeError: Cannot read property 'createHorde' of undefined
                    at unleashGremlins (eval at executeAsyncScript (:457:5), &lt;anonymous>:33:31)
                    at eval (eval at executeAsyncScript (:457:5), &lt;anonymous>:56:4)
                    at eval (eval at executeAsyncScript (:457:5), &lt;anonymous>:56:29)
                    at executeAsyncScript (&lt;anonymous>:457:26)
                    at &lt;anonymous>:473:29
                    at callFunction (&lt;anonymous>:361:33)
                    at &lt;anonymous>:371:23
                    at &lt;anonymous>:372:3</message>
                <stack-trace>error properties: Object({ details: undefined, type: 'RuntimeError', seleniumStack: Object({ type: 'JavaScriptError', message: 'An error occurred while executing user supplied JavaScript.', orgStatusMessage: 'javascript error: Cannot read property 'createHorde' of undefined
                JavaScript stack:
                TypeError: Cannot read property 'createHorde' of undefined
                    at unleashGremlins (eval at executeAsyncScript (:457:5), &lt;anonymous>:33:31)
                    at eval (eval at executeAsyncScript (:457:5), &lt;anonymous>:56:4)
                    at eval (eval at executeAsyncScript (:457:5), &lt;anonymous>:56:29)
                    at executeAsyncScript (&lt;anonymous>:457:26)
                    at &lt;anonymous>:473:29
                    at callFunction (&lt;anonymous>:361:33)
                    at &lt;anonymous>:371:23
                    at &lt;anonymous>:372:3
                  (Session info: chrome=78.0.3904.70)
                  (Driver info: chromedriver=2.43.600233 (523efee95e3d68b8719b3a1c83051aa63aa6b10d),platform=Linux 5.0.0-32-generic x86_64)' }), shotTaken: true })
                    at &lt;Jasmine>
                    at executeAsync(&lt;Function>, 50000) - index.js:312:3</stack-trace>
            </failure>
        </test-case>
    </test-cases>
</ns2:test-suite>