{
    "sessionId": "c44a8610c9d1b400c10304c10d56fef8",
    "status": 0,
    "value": [
        {
            "level": "INFO",
            "message": "https://rawgit.com/marmelab/gremlins.js/master/gremlins.min.js 1:6691 \"gremlin\" \"formFiller\" \"input\" \"K\" \"in\" input#customer_code.maxwidthonsmartphone",
            "source": "console-api",
            "timestamp": 1574561957103
        },
        {
            "level": "INFO",
            "message": "https://rawgit.com/marmelab/gremlins.js/master/gremlins.min.js 1:3114 \"mogwai \" \"fps       \" 60.03121623244041",
            "source": "console-api",
            "timestamp": 1574561957214
        },
        {
            "level": "INFO",
            "message": "https://rawgit.com/marmelab/gremlins.js/master/gremlins.min.js 1:6691 \"gremlin\" \"formFiller\" \"input\" \"8\" \"in\" input#idprof3.maxwidth100onsmartphone.quatrevingtpercent",
            "source": "console-api",
            "timestamp": 1574561957214
        },
        {
            "level": "INFO",
            "message": "https://rawgit.com/marmelab/gremlins.js/master/gremlins.min.js 1:6691 \"gremlin\" \"formFiller\" \"input\" \"T\" \"in\" input#url",
            "source": "console-api",
            "timestamp": 1574561957215
        },
        {
            "level": "INFO",
            "message": "https://rawgit.com/marmelab/gremlins.js/master/gremlins.min.js 1:6691 \"gremlin\" \"formFiller\" \"input\" \"&\" \"in\" input#town.maxwidthonsmartphone.maxwidth100.quatrevingtpercent.ui-autocomplete-input",
            "source": "console-api",
            "timestamp": 1574561957425
        },
        {
            "level": "INFO",
            "message": "https://rawgit.com/marmelab/gremlins.js/master/gremlins.min.js 1:6691 \"gremlin\" \"formFiller\" \"input\" \"L\" \"in\" input#idprof6.maxwidth100onsmartphone.quatrevingtpercent",
            "source": "console-api",
            "timestamp": 1574561957528
        },
        {
            "level": "INFO",
            "message": "https://rawgit.com/marmelab/gremlins.js/master/gremlins.min.js 1:6691 \"gremlin\" \"formFiller\" \"input\" \"U\" \"in\" input#idprof6.maxwidth100onsmartphone.quatrevingtpercent",
            "source": "console-api",
            "timestamp": 1574561957632
        },
        {
            "level": "INFO",
            "message": "https://rawgit.com/marmelab/gremlins.js/master/gremlins.min.js 1:3114 \"mogwai \" \"fps       \" 60.031216232441224",
            "source": "console-api",
            "timestamp": 1574561957633
        },
        {
            "level": "INFO",
            "message": "https://rawgit.com/marmelab/gremlins.js/master/gremlins.min.js 1:6691 \"gremlin\" \"formFiller\" \"input\" \"0\" \"in\" input#customer_code.maxwidthonsmartphone",
            "source": "console-api",
            "timestamp": 1574561957841
        },
        {
            "level": "INFO",
            "message": "https://rawgit.com/marmelab/gremlins.js/master/gremlins.min.js 1:6691 \"gremlin\" \"formFiller\" \"input\" \"l\" \"in\" input#customer_code.maxwidthonsmartphone",
            "source": "console-api",
            "timestamp": 1574561957841
        },
        {
            "level": "INFO",
            "message": "https://rawgit.com/marmelab/gremlins.js/master/gremlins.min.js 1:6691 \"gremlin\" \"formFiller\" \"input\" \"3\" \"in\" input#capital",
            "source": "console-api",
            "timestamp": 1574561957944
        },
        {
            "level": "INFO",
            "message": "https://rawgit.com/marmelab/gremlins.js/master/gremlins.min.js 1:5473 \"gremlin\" \"clicker   \" \"click\" \"at\" 22 433",
            "source": "console-api",
            "timestamp": 1574561957944
        },
        {
            "level": "INFO",
            "message": "http://localhost/dolibarr/contact/list.php?leftmenu=contacts 214:13 \"initCheckForSelect mode=0 atleastoneselected=0\"",
            "source": "console-api",
            "timestamp": 1574561958190
        }
    ]
}