{
    "sessionId": "ac58698e2c2baa4adc79c982d8807e63",
    "status": 0,
    "value": [
        {
            "level": "INFO",
            "message": "http://localhost/dolibarr/societe/list.php?leftmenu=thirdparties 214:13 \"initCheckForSelect mode=0 atleastoneselected=0\"",
            "source": "console-api",
            "timestamp": 1574561920391
        },
        {
            "level": "INFO",
            "message": "https://rawgit.com/marmelab/gremlins.js/master/gremlins.min.js 1:3114 \"mogwai \" \"fps       \" 60.031216232441224",
            "source": "console-api",
            "timestamp": 1574561921290
        },
        {
            "level": "INFO",
            "message": "https://rawgit.com/marmelab/gremlins.js/master/gremlins.min.js 1:5473 \"gremlin\" \"clicker   \" \"click\" \"at\" 783 218",
            "source": "console-api",
            "timestamp": 1574561921290
        },
        {
            "level": "INFO",
            "message": "http://localhost/dolibarr/societe/list.php?sortfield=typent.code&sortorder=asc&begin=&contextpage=thirdpartylist&search_status=1 214:13 \"initCheckForSelect mode=0 atleastoneselected=0\"",
            "source": "console-api",
            "timestamp": 1574561921540
        }
    ]
}