{
    "sessionId": "f90760913f4fee80433579ea2ef4dc6c",
    "status": 0,
    "value": {
        "AT_TARGET": 2,
        "BUBBLING_PHASE": 3,
        "CAPTURING_PHASE": 1,
        "NONE": 0,
        "bubbles": false,
        "cancelBubble": false,
        "cancelable": false,
        "composed": false,
        "composedPath": {},
        "currentTarget": null,
        "defaultPrevented": false,
        "eventPhase": 0,
        "initEvent": {},
        "isTrusted": true,
        "path": [
            {
                "ELEMENT": "0.5524681538519478-1"
            },
            {
                "ELEMENT": "0.5524681538519478-2"
            },
            {
                "ELEMENT": "0.5524681538519478-3"
            },
            {
                "ELEMENT": "0.5524681538519478-4"
            }
        ],
        "preventDefault": {},
        "returnValue": true,
        "srcElement": null,
        "stopImmediatePropagation": {},
        "stopPropagation": {},
        "target": null,
        "timeStamp": 1014.9750000000495,
        "type": "load"
    }
}