<?xml version='1.0'?>
<ns2:test-suite xmlns:ns2='urn:model.allure.qatools.yandex.ru' start='1574560549421' stop='1574560555535'>
    <name>Monkey testing with gremlins </name>
    <title>Monkey testing with gremlins </title>
    <test-cases>
        <test-case start='1574560549422' status='failed' stop='1574560555518'>
            <name>it should not raise any error</name>
            <title>it should not raise any error</title>
            <labels>
                <label name='language' value='javascript'/>
                <label name='framework' value='wdio'/>
                <label name='thread' value='0-0'/>
            </labels>
            <parameters>
                <parameter kind='argument' name='browser' value='chrome'/>
                <parameter kind='environment-variable' name='capabilities' value='{"maxInstances":5,"browserName":"chrome"}'/>
                <parameter kind='environment-variable' name='spec files' value='["/home/njhurtado/MISO4208_201902_TestMen/testmen-worker-random/test/specs/gremlins-test.js"]'/>
            </parameters>
            <steps>
                <step start='1574560549427' status='passed' stop='1574560550747'>
                    <name>POST /wd/hub/session/2b6ba631465ba28cb46f779b1ff8e6d8/url</name>
                    <title>POST /wd/hub/session/2b6ba631465ba28cb46f779b1ff8e6d8/url</title>
                    <attachments>
                        <attachment title='Request' source='372fed47-67d7-4867-a52e-d9f93670aeb5-attachment.json' type='application/json' size='43'/>
                        <attachment title='Response' source='4b4fe431-bfb7-4f19-82c9-1a81cd46ca74-attachment.json' type='application/json' size='91'/>
                    </attachments>
                    <steps/>
                </step>
                <step start='1574560550759' status='passed' stop='1574560550793'>
                    <name>POST /wd/hub/session/2b6ba631465ba28cb46f779b1ff8e6d8/elements</name>
                    <title>POST /wd/hub/session/2b6ba631465ba28cb46f779b1ff8e6d8/elements</title>
                    <attachments>
                        <attachment title='Request' source='18cbd342-4625-413a-9b2f-c98f1b7c9875-attachment.json' type='application/json' size='60'/>
                        <attachment title='Response' source='900bd439-3888-4799-ad55-dcfcec375a9f-attachment.json' type='application/json' size='160'/>
                    </attachments>
                    <steps/>
                </step>
                <step start='1574560550795' status='passed' stop='1574560550822'>
                    <name>GET /wd/hub/session/2b6ba631465ba28cb46f779b1ff8e6d8/element/0.6663954861092625-1/displayed</name>
                    <title>GET /wd/hub/session/2b6ba631465ba28cb46f779b1ff8e6d8/element/0.6663954861092625-1/displayed</title>
                    <attachments>
                        <attachment title='Response' source='80d3b45b-0014-41b0-95fe-1adabcc2e849-attachment.json' type='application/json' size='91'/>
                    </attachments>
                    <steps/>
                </step>
                <step start='1574560550828' status='passed' stop='1574560550862'>
                    <name>POST /wd/hub/session/2b6ba631465ba28cb46f779b1ff8e6d8/element</name>
                    <title>POST /wd/hub/session/2b6ba631465ba28cb46f779b1ff8e6d8/element</title>
                    <attachments>
                        <attachment title='Request' source='c469333a-ea85-48c3-a159-0047ec7aa4b1-attachment.json' type='application/json' size='60'/>
                        <attachment title='Response' source='62052817-f9cd-4224-ba3e-e24a5ae65257-attachment.json' type='application/json' size='136'/>
                    </attachments>
                    <steps/>
                </step>
                <step start='1574560550867' status='passed' stop='1574560550894'>
                    <name>POST /wd/hub/session/2b6ba631465ba28cb46f779b1ff8e6d8/element/0.6663954861092625-1/element</name>
                    <title>POST /wd/hub/session/2b6ba631465ba28cb46f779b1ff8e6d8/element/0.6663954861092625-1/element</title>
                    <attachments>
                        <attachment title='Request' source='694c0f53-fe20-4432-9985-e9bbb60fd065-attachment.json' type='application/json' size='72'/>
                        <attachment title='Response' source='cc4e6d73-a574-4bee-bcb9-7f2a8e6fce78-attachment.json' type='application/json' size='136'/>
                    </attachments>
                    <steps/>
                </step>
                <step start='1574560550901' status='passed' stop='1574560550970'>
                    <name>POST /wd/hub/session/2b6ba631465ba28cb46f779b1ff8e6d8/element/0.6663954861092625-2/click</name>
                    <title>POST /wd/hub/session/2b6ba631465ba28cb46f779b1ff8e6d8/element/0.6663954861092625-2/click</title>
                    <attachments>
                        <attachment title='Response' source='f5d8f3e3-3e5e-48cd-901d-92952f999456-attachment.json' type='application/json' size='91'/>
                    </attachments>
                    <steps/>
                </step>
                <step start='1574560550986' status='passed' stop='1574560551023'>
                    <name>POST /wd/hub/session/2b6ba631465ba28cb46f779b1ff8e6d8/keys</name>
                    <title>POST /wd/hub/session/2b6ba631465ba28cb46f779b1ff8e6d8/keys</title>
                    <attachments>
                        <attachment title='Request' source='b649d5d7-8b9a-4880-b70d-2943b94128fc-attachment.json' type='application/json' size='88'/>
                        <attachment title='Response' source='d810d9e9-8207-47ac-8d58-84cb6db163f3-attachment.json' type='application/json' size='91'/>
                    </attachments>
                    <steps/>
                </step>
                <step start='1574560551026' status='passed' stop='1574560551054'>
                    <name>POST /wd/hub/session/2b6ba631465ba28cb46f779b1ff8e6d8/element/0.6663954861092625-1/element</name>
                    <title>POST /wd/hub/session/2b6ba631465ba28cb46f779b1ff8e6d8/element/0.6663954861092625-1/element</title>
                    <attachments>
                        <attachment title='Request' source='83a5bb8e-a617-4657-ad59-15ce4e2eefe3-attachment.json' type='application/json' size='72'/>
                        <attachment title='Response' source='3fddf7d6-7e2a-41f0-87f8-ee73c7942a3a-attachment.json' type='application/json' size='136'/>
                    </attachments>
                    <steps/>
                </step>
                <step start='1574560551060' status='passed' stop='1574560551129'>
                    <name>POST /wd/hub/session/2b6ba631465ba28cb46f779b1ff8e6d8/element/0.6663954861092625-3/click</name>
                    <title>POST /wd/hub/session/2b6ba631465ba28cb46f779b1ff8e6d8/element/0.6663954861092625-3/click</title>
                    <attachments>
                        <attachment title='Response' source='24a31cdb-ddff-4e20-84b4-bf678e03fde3-attachment.json' type='application/json' size='91'/>
                    </attachments>
                    <steps/>
                </step>
                <step start='1574560551134' status='passed' stop='1574560551197'>
                    <name>POST /wd/hub/session/2b6ba631465ba28cb46f779b1ff8e6d8/keys</name>
                    <title>POST /wd/hub/session/2b6ba631465ba28cb46f779b1ff8e6d8/keys</title>
                    <attachments>
                        <attachment title='Request' source='05a171a8-ef39-4da3-9eb1-04c937fb0af6-attachment.json' type='application/json' size='153'/>
                        <attachment title='Response' source='4b841567-be05-4cfc-9810-5742cf393e13-attachment.json' type='application/json' size='91'/>
                    </attachments>
                    <steps/>
                </step>
                <step start='1574560551204' status='passed' stop='1574560551234'>
                    <name>POST /wd/hub/session/2b6ba631465ba28cb46f779b1ff8e6d8/element/0.6663954861092625-1/element</name>
                    <title>POST /wd/hub/session/2b6ba631465ba28cb46f779b1ff8e6d8/element/0.6663954861092625-1/element</title>
                    <attachments>
                        <attachment title='Request' source='567d8dea-34c9-4e05-b819-39852a476268-attachment.json' type='application/json' size='70'/>
                        <attachment title='Response' source='a192b8b8-32f4-46c3-9a4e-0130345021ad-attachment.json' type='application/json' size='136'/>
                    </attachments>
                    <steps/>
                </step>
                <step start='1574560551241' status='passed' stop='1574560551972'>
                    <name>POST /wd/hub/session/2b6ba631465ba28cb46f779b1ff8e6d8/element/0.6663954861092625-4/click</name>
                    <title>POST /wd/hub/session/2b6ba631465ba28cb46f779b1ff8e6d8/element/0.6663954861092625-4/click</title>
                    <attachments>
                        <attachment title='Response' source='cf433a00-d44d-4acb-b34e-ed7b7561c9ea-attachment.json' type='application/json' size='91'/>
                    </attachments>
                    <steps/>
                </step>
                <step start='1574560551980' status='passed' stop='1574560552010'>
                    <name>POST /wd/hub/session/2b6ba631465ba28cb46f779b1ff8e6d8/elements</name>
                    <title>POST /wd/hub/session/2b6ba631465ba28cb46f779b1ff8e6d8/elements</title>
                    <attachments>
                        <attachment title='Request' source='264523cd-75aa-4dbb-b933-cd3bad1214b1-attachment.json' type='application/json' size='62'/>
                        <attachment title='Response' source='daf44a2f-52c2-4f87-bfba-ba2d931b0011-attachment.json' type='application/json' size='160'/>
                    </attachments>
                    <steps/>
                </step>
                <step start='1574560552011' status='passed' stop='1574560552043'>
                    <name>GET /wd/hub/session/2b6ba631465ba28cb46f779b1ff8e6d8/element/0.5100011173246806-1/displayed</name>
                    <title>GET /wd/hub/session/2b6ba631465ba28cb46f779b1ff8e6d8/element/0.5100011173246806-1/displayed</title>
                    <attachments>
                        <attachment title='Response' source='d0bddab8-a38b-41fd-9057-22e7f1dc46c4-attachment.json' type='application/json' size='91'/>
                    </attachments>
                    <steps/>
                </step>
                <step start='1574560552047' status='passed' stop='1574560552075'>
                    <name>POST /wd/hub/session/2b6ba631465ba28cb46f779b1ff8e6d8/element</name>
                    <title>POST /wd/hub/session/2b6ba631465ba28cb46f779b1ff8e6d8/element</title>
                    <attachments>
                        <attachment title='Request' source='aef012f5-8539-4dcf-8b21-e893fcc3de44-attachment.json' type='application/json' size='69'/>
                        <attachment title='Response' source='5d02ae3f-c1c3-4f7b-a114-cadeb8e8e705-attachment.json' type='application/json' size='136'/>
                    </attachments>
                    <steps/>
                </step>
                <step start='1574560552087' status='passed' stop='1574560552418'>
                    <name>POST /wd/hub/session/2b6ba631465ba28cb46f779b1ff8e6d8/element/0.5100011173246806-2/click</name>
                    <title>POST /wd/hub/session/2b6ba631465ba28cb46f779b1ff8e6d8/element/0.5100011173246806-2/click</title>
                    <attachments>
                        <attachment title='Response' source='29fee197-778f-4e0e-a946-dcb191141be3-attachment.json' type='application/json' size='91'/>
                    </attachments>
                    <steps/>
                </step>
                <step start='1574560552424' status='passed' stop='1574560552490'>
                    <name>POST /wd/hub/session/2b6ba631465ba28cb46f779b1ff8e6d8/elements</name>
                    <title>POST /wd/hub/session/2b6ba631465ba28cb46f779b1ff8e6d8/elements</title>
                    <attachments>
                        <attachment title='Request' source='03af1df8-3a34-48f6-9726-bc7e3a2cbc04-attachment.json' type='application/json' size='57'/>
                        <attachment title='Response' source='c9f8f929-bf49-42da-84b6-4591afe36fb4-attachment.json' type='application/json' size='161'/>
                    </attachments>
                    <steps/>
                </step>
                <step start='1574560552491' status='passed' stop='1574560552527'>
                    <name>GET /wd/hub/session/2b6ba631465ba28cb46f779b1ff8e6d8/element/0.32236275943377035-1/displayed</name>
                    <title>GET /wd/hub/session/2b6ba631465ba28cb46f779b1ff8e6d8/element/0.32236275943377035-1/displayed</title>
                    <attachments>
                        <attachment title='Response' source='22b65767-15dc-4113-a201-1ec6f40f2c2f-attachment.json' type='application/json' size='91'/>
                    </attachments>
                    <steps/>
                </step>
                <step start='1574560552529' status='passed' stop='1574560552559'>
                    <name>POST /wd/hub/session/2b6ba631465ba28cb46f779b1ff8e6d8/element</name>
                    <title>POST /wd/hub/session/2b6ba631465ba28cb46f779b1ff8e6d8/element</title>
                    <attachments>
                        <attachment title='Request' source='0a9bb7c7-5a46-432e-bf8c-98c6551884d1-attachment.json' type='application/json' size='93'/>
                        <attachment title='Response' source='916be739-2b9f-41f7-b849-f9d43e4d87fb-attachment.json' type='application/json' size='137'/>
                    </attachments>
                    <steps/>
                </step>
                <step start='1574560552562' status='passed' stop='1574560552999'>
                    <name>POST /wd/hub/session/2b6ba631465ba28cb46f779b1ff8e6d8/element/0.32236275943377035-2/click</name>
                    <title>POST /wd/hub/session/2b6ba631465ba28cb46f779b1ff8e6d8/element/0.32236275943377035-2/click</title>
                    <attachments>
                        <attachment title='Response' source='72443cfb-34a1-4340-842a-4f4060c6e4c1-attachment.json' type='application/json' size='91'/>
                    </attachments>
                    <steps/>
                </step>
                <step start='1574560553008' status='passed' stop='1574560553028'>
                    <name>POST /wd/hub/session/2b6ba631465ba28cb46f779b1ff8e6d8/timeouts/async_script</name>
                    <title>POST /wd/hub/session/2b6ba631465ba28cb46f779b1ff8e6d8/timeouts/async_script</title>
                    <attachments>
                        <attachment title='Request' source='16163444-d3a2-4b4b-aea4-6eb0886646cb-attachment.json' type='application/json' size='20'/>
                        <attachment title='Response' source='6ed8410f-3303-42d3-8c2e-3ca9cda1801a-attachment.json' type='application/json' size='91'/>
                    </attachments>
                    <steps/>
                </step>
                <step start='1574560553032' status='passed' stop='1574560553691'>
                    <name>POST /wd/hub/session/2b6ba631465ba28cb46f779b1ff8e6d8/execute_async</name>
                    <title>POST /wd/hub/session/2b6ba631465ba28cb46f779b1ff8e6d8/execute_async</title>
                    <attachments>
                        <attachment title='Request' source='79e40885-c05f-4cec-9bca-87d4e21337ab-attachment.json' type='application/json' size='412'/>
                        <attachment title='Response' source='715c4132-2b78-4d9f-aeb1-3e09fecc9507-attachment.json' type='application/json' size='1069'/>
                    </attachments>
                    <steps/>
                </step>
                <step start='1574560553698' status='passed' stop='1574560553712'>
                    <name>POST /wd/hub/session/2b6ba631465ba28cb46f779b1ff8e6d8/timeouts/async_script</name>
                    <title>POST /wd/hub/session/2b6ba631465ba28cb46f779b1ff8e6d8/timeouts/async_script</title>
                    <attachments>
                        <attachment title='Request' source='160169db-34c4-413a-8f15-1fc4fec87acf-attachment.json' type='application/json' size='20'/>
                        <attachment title='Response' source='89590709-e89b-457e-8b91-411a73faaef8-attachment.json' type='application/json' size='91'/>
                    </attachments>
                    <steps/>
                </step>
                <step start='1574560553717' status='passed' stop='1574560555308'>
                    <name>POST /wd/hub/session/2b6ba631465ba28cb46f779b1ff8e6d8/execute_async</name>
                    <title>POST /wd/hub/session/2b6ba631465ba28cb46f779b1ff8e6d8/execute_async</title>
                    <attachments>
                        <attachment title='Request' source='624f075e-4878-4220-8d9d-f54058430cda-attachment.json' type='application/json' size='2279'/>
                        <attachment title='Response' source='622b699f-eaa4-4399-8cf4-1ca17e754c3d-attachment.json' type='application/json' size='1459'/>
                    </attachments>
                    <steps/>
                </step>
                <step start='1574560555311' status='failed' stop='1574560555518'>
                    <name>GET /wd/hub/session/2b6ba631465ba28cb46f779b1ff8e6d8/screenshot</name>
                    <title>GET /wd/hub/session/2b6ba631465ba28cb46f779b1ff8e6d8/screenshot</title>
                    <attachments>
                        <attachment title='Screenshot' source='5f9a747a-affd-4c04-9907-13b9a638fb3f-attachment.png' type='image/png' size='137463'/>
                    </attachments>
                    <steps/>
                </step>
                <step start='1574560555520' status='passed' stop='1574560555531'>
                    <name>POST /wd/hub/session/2b6ba631465ba28cb46f779b1ff8e6d8/log</name>
                    <title>POST /wd/hub/session/2b6ba631465ba28cb46f779b1ff8e6d8/log</title>
                    <attachments>
                        <attachment title='Request' source='908c5c58-7c0c-4bb7-a4e0-66e185b2328b-attachment.json' type='application/json' size='25'/>
                        <attachment title='Response' source='c79e2148-2fab-42e1-874c-c28f7f5216b5-attachment.json' type='application/json' size='5747'/>
                    </attachments>
                    <steps/>
                </step>
            </steps>
            <attachments/>
            <failure>
                <message>Failed: javascript error: Cannot read property 'createHorde' of undefined
                JavaScript stack:
                TypeError: Cannot read property 'createHorde' of undefined
                    at unleashGremlins (eval at executeAsyncScript (:457:5), &lt;anonymous>:33:31)
                    at eval (eval at executeAsyncScript (:457:5), &lt;anonymous>:56:4)
                    at eval (eval at executeAsyncScript (:457:5), &lt;anonymous>:56:29)
                    at executeAsyncScript (&lt;anonymous>:457:26)
                    at &lt;anonymous>:473:29
                    at callFunction (&lt;anonymous>:361:33)
                    at &lt;anonymous>:371:23
                    at &lt;anonymous>:372:3</message>
                <stack-trace>error properties: Object({ details: undefined, type: 'RuntimeError', seleniumStack: Object({ type: 'JavaScriptError', message: 'An error occurred while executing user supplied JavaScript.', orgStatusMessage: 'javascript error: Cannot read property 'createHorde' of undefined
                JavaScript stack:
                TypeError: Cannot read property 'createHorde' of undefined
                    at unleashGremlins (eval at executeAsyncScript (:457:5), &lt;anonymous>:33:31)
                    at eval (eval at executeAsyncScript (:457:5), &lt;anonymous>:56:4)
                    at eval (eval at executeAsyncScript (:457:5), &lt;anonymous>:56:29)
                    at executeAsyncScript (&lt;anonymous>:457:26)
                    at &lt;anonymous>:473:29
                    at callFunction (&lt;anonymous>:361:33)
                    at &lt;anonymous>:371:23
                    at &lt;anonymous>:372:3
                  (Session info: chrome=78.0.3904.70)
                  (Driver info: chromedriver=2.43.600233 (523efee95e3d68b8719b3a1c83051aa63aa6b10d),platform=Linux 5.0.0-32-generic x86_64)' }), shotTaken: true })
                    at &lt;Jasmine>
                    at executeAsync(&lt;Function>, 50000) - index.js:312:3</stack-trace>
            </failure>
        </test-case>
    </test-cases>
</ns2:test-suite>