{
    "sessionId": "c44a8610c9d1b400c10304c10d56fef8",
    "status": 0,
    "value": {
        "AT_TARGET": 2,
        "BUBBLING_PHASE": 3,
        "CAPTURING_PHASE": 1,
        "NONE": 0,
        "bubbles": false,
        "cancelBubble": false,
        "cancelable": false,
        "composed": false,
        "composedPath": {},
        "currentTarget": null,
        "defaultPrevented": false,
        "eventPhase": 0,
        "initEvent": {},
        "isTrusted": true,
        "path": [
            {
                "ELEMENT": "0.7070626335526178-1"
            },
            {
                "ELEMENT": "0.7070626335526178-2"
            },
            {
                "ELEMENT": "0.7070626335526178-3"
            },
            {
                "ELEMENT": "0.7070626335526178-4"
            }
        ],
        "preventDefault": {},
        "returnValue": true,
        "srcElement": null,
        "stopImmediatePropagation": {},
        "stopPropagation": {},
        "target": null,
        "timeStamp": 1314.5049999998264,
        "type": "load"
    }
}