{
    "sessionId": "3dd24500ed8a1eea7580b0a1e922aabe",
    "status": 0,
    "value": [
        {
            "level": "INFO",
            "message": "https://rawgit.com/marmelab/gremlins.js/master/gremlins.min.js 1:6691 \"gremlin\" \"formFiller\" \"input\" \"K\" \"in\" input#customer_code.maxwidthonsmartphone",
            "source": "console-api",
            "timestamp": 1574560532802
        },
        {
            "level": "INFO",
            "message": "https://rawgit.com/marmelab/gremlins.js/master/gremlins.min.js 1:3114 \"mogwai \" \"fps       \" 60.031216232441224",
            "source": "console-api",
            "timestamp": 1574560532912
        },
        {
            "level": "INFO",
            "message": "https://rawgit.com/marmelab/gremlins.js/master/gremlins.min.js 1:6691 \"gremlin\" \"formFiller\" \"input\" \"8\" \"in\" input#idprof3.maxwidth100onsmartphone.quatrevingtpercent",
            "source": "console-api",
            "timestamp": 1574560532913
        },
        {
            "level": "INFO",
            "message": "https://rawgit.com/marmelab/gremlins.js/master/gremlins.min.js 1:6691 \"gremlin\" \"formFiller\" \"input\" \"7\" \"in\" input#idprof5.maxwidth100onsmartphone.quatrevingtpercent",
            "source": "console-api",
            "timestamp": 1574560533015
        },
        {
            "level": "INFO",
            "message": "https://rawgit.com/marmelab/gremlins.js/master/gremlins.min.js 1:6691 \"gremlin\" \"formFiller\" \"input\" \"P\" \"in\" input#name_alias_input.minwidth300",
            "source": "console-api",
            "timestamp": 1574560533015
        },
        {
            "level": "INFO",
            "message": "https://rawgit.com/marmelab/gremlins.js/master/gremlins.min.js 1:6691 \"gremlin\" \"formFiller\" \"input\" \"L\" \"in\" input#name.minwidth300",
            "source": "console-api",
            "timestamp": 1574560533118
        },
        {
            "level": "INFO",
            "message": "https://rawgit.com/marmelab/gremlins.js/master/gremlins.min.js 1:6691 \"gremlin\" \"formFiller\" \"input\" \"b\" \"in\" input#url",
            "source": "console-api",
            "timestamp": 1574560533118
        },
        {
            "level": "INFO",
            "message": "https://rawgit.com/marmelab/gremlins.js/master/gremlins.min.js 1:6691 \"gremlin\" \"formFiller\" \"input\" \"Q\" \"in\" input#phone.maxwidth100onsmartphone.quatrevingtpercent",
            "source": "console-api",
            "timestamp": 1574560533221
        },
        {
            "level": "INFO",
            "message": "https://rawgit.com/marmelab/gremlins.js/master/gremlins.min.js 1:6691 \"gremlin\" \"formFiller\" \"input\" \"#\" \"in\" input#url",
            "source": "console-api",
            "timestamp": 1574560533324
        },
        {
            "level": "INFO",
            "message": "https://rawgit.com/marmelab/gremlins.js/master/gremlins.min.js 1:3114 \"mogwai \" \"fps       \" 60.031216232442866",
            "source": "console-api",
            "timestamp": 1574560533426
        },
        {
            "level": "INFO",
            "message": "https://rawgit.com/marmelab/gremlins.js/master/gremlins.min.js 1:6691 \"gremlin\" \"formFiller\" \"input\" \"a\" \"in\" input#customer_code.maxwidthonsmartphone",
            "source": "console-api",
            "timestamp": 1574560533426
        },
        {
            "level": "INFO",
            "message": "https://rawgit.com/marmelab/gremlins.js/master/gremlins.min.js 1:6691 \"gremlin\" \"formFiller\" \"input\" \"y\" \"in\" input#idprof3.maxwidth100onsmartphone.quatrevingtpercent",
            "source": "console-api",
            "timestamp": 1574560533535
        },
        {
            "level": "INFO",
            "message": "https://rawgit.com/marmelab/gremlins.js/master/gremlins.min.js 1:6691 \"gremlin\" \"formFiller\" \"input\" \"6\" \"in\" input#phone.maxwidth100onsmartphone.quatrevingtpercent",
            "source": "console-api",
            "timestamp": 1574560533535
        },
        {
            "level": "INFO",
            "message": "https://rawgit.com/marmelab/gremlins.js/master/gremlins.min.js 1:6691 \"gremlin\" \"formFiller\" \"input\" \"]\" \"in\" input#name.minwidth300",
            "source": "console-api",
            "timestamp": 1574560533637
        },
        {
            "level": "INFO",
            "message": "https://rawgit.com/marmelab/gremlins.js/master/gremlins.min.js 1:6691 \"gremlin\" \"formFiller\" \"input\" \"G\" \"in\" input#idprof4.maxwidth100onsmartphone.quatrevingtpercent",
            "source": "console-api",
            "timestamp": 1574560533740
        },
        {
            "level": "INFO",
            "message": "https://rawgit.com/marmelab/gremlins.js/master/gremlins.min.js 1:6691 \"gremlin\" \"formFiller\" \"input\" \"T\" \"in\" input#capital",
            "source": "console-api",
            "timestamp": 1574560533843
        },
        {
            "level": "INFO",
            "message": "https://rawgit.com/marmelab/gremlins.js/master/gremlins.min.js 1:6691 \"gremlin\" \"formFiller\" \"input\" \"^\" \"in\" input#idprof2.maxwidth100onsmartphone.quatrevingtpercent",
            "source": "console-api",
            "timestamp": 1574560533843
        },
        {
            "level": "INFO",
            "message": "https://rawgit.com/marmelab/gremlins.js/master/gremlins.min.js 1:3114 \"mogwai \" \"fps       \" 60.03121623243958",
            "source": "console-api",
            "timestamp": 1574560533950
        },
        {
            "level": "INFO",
            "message": "https://rawgit.com/marmelab/gremlins.js/master/gremlins.min.js 1:6691 \"gremlin\" \"formFiller\" \"input\" \"U\" \"in\" input#fax.maxwidth100onsmartphone.quatrevingtpercent",
            "source": "console-api",
            "timestamp": 1574560533950
        },
        {
            "level": "INFO",
            "message": "https://rawgit.com/marmelab/gremlins.js/master/gremlins.min.js 1:6691 \"gremlin\" \"formFiller\" \"input\" \"0\" \"in\" input#customer_code.maxwidthonsmartphone",
            "source": "console-api",
            "timestamp": 1574560533950
        },
        {
            "level": "INFO",
            "message": "https://rawgit.com/marmelab/gremlins.js/master/gremlins.min.js 1:6691 \"gremlin\" \"formFiller\" \"input\" \"l\" \"in\" input#customer_code.maxwidthonsmartphone",
            "source": "console-api",
            "timestamp": 1574560534052
        },
        {
            "level": "INFO",
            "message": "https://rawgit.com/marmelab/gremlins.js/master/gremlins.min.js 1:6691 \"gremlin\" \"formFiller\" \"input\" \"3\" \"in\" input#capital",
            "source": "console-api",
            "timestamp": 1574560534053
        },
        {
            "level": "INFO",
            "message": "https://rawgit.com/marmelab/gremlins.js/master/gremlins.min.js 1:6691 \"gremlin\" \"formFiller\" \"input\" \"9\" \"in\" input#idprof5.maxwidth100onsmartphone.quatrevingtpercent",
            "source": "console-api",
            "timestamp": 1574560534155
        },
        {
            "level": "INFO",
            "message": "https://rawgit.com/marmelab/gremlins.js/master/gremlins.min.js 1:6691 \"gremlin\" \"formFiller\" \"input\" \"U\" \"in\" input#phone.maxwidth100onsmartphone.quatrevingtpercent",
            "source": "console-api",
            "timestamp": 1574560534155
        },
        {
            "level": "INFO",
            "message": "https://rawgit.com/marmelab/gremlins.js/master/gremlins.min.js 1:6691 \"gremlin\" \"formFiller\" \"input\" \"D\" \"in\" input#url",
            "source": "console-api",
            "timestamp": 1574560534258
        },
        {
            "level": "INFO",
            "message": "https://rawgit.com/marmelab/gremlins.js/master/gremlins.min.js 1:6691 \"gremlin\" \"formFiller\" \"input\" \"Q\" \"in\" input#customer_code.maxwidthonsmartphone",
            "source": "console-api",
            "timestamp": 1574560534258
        },
        {
            "level": "INFO",
            "message": "https://rawgit.com/marmelab/gremlins.js/master/gremlins.min.js 1:5473 \"gremlin\" \"clicker   \" \"click\" \"at\" 22 433",
            "source": "console-api",
            "timestamp": 1574560534360
        },
        {
            "level": "INFO",
            "message": "https://rawgit.com/marmelab/gremlins.js/master/gremlins.min.js 1:3114 \"mogwai \" \"fps       \" 60.03482019571624",
            "source": "console-api",
            "timestamp": 1574560534444
        },
        {
            "level": "INFO",
            "message": "http://localhost/dolibarr/contact/list.php?leftmenu=contacts 214:13 \"initCheckForSelect mode=0 atleastoneselected=0\"",
            "source": "console-api",
            "timestamp": 1574560534834
        }
    ]
}