{
    "sessionId": "3dd24500ed8a1eea7580b0a1e922aabe",
    "status": 0,
    "value": {
        "AT_TARGET": 2,
        "BUBBLING_PHASE": 3,
        "CAPTURING_PHASE": 1,
        "NONE": 0,
        "bubbles": false,
        "cancelBubble": false,
        "cancelable": false,
        "composed": false,
        "composedPath": {},
        "currentTarget": null,
        "defaultPrevented": false,
        "eventPhase": 0,
        "initEvent": {},
        "isTrusted": true,
        "path": [
            {
                "ELEMENT": "0.32144393141453675-1"
            },
            {
                "ELEMENT": "0.32144393141453675-2"
            },
            {
                "ELEMENT": "0.32144393141453675-3"
            },
            {
                "ELEMENT": "0.32144393141453675-4"
            }
        ],
        "preventDefault": {},
        "returnValue": true,
        "srcElement": null,
        "stopImmediatePropagation": {},
        "stopPropagation": {},
        "target": null,
        "timeStamp": 3754.9450000001343,
        "type": "load"
    }
}