{
    "sessionId": "040ccf4b39cd558a97f20b4b8f7d0db3",
    "status": 0,
    "value": {
        "AT_TARGET": 2,
        "BUBBLING_PHASE": 3,
        "CAPTURING_PHASE": 1,
        "NONE": 0,
        "bubbles": false,
        "cancelBubble": false,
        "cancelable": false,
        "composed": false,
        "composedPath": {},
        "currentTarget": null,
        "defaultPrevented": false,
        "eventPhase": 0,
        "initEvent": {},
        "isTrusted": true,
        "path": [
            {
                "ELEMENT": "0.46213874317370496-1"
            },
            {
                "ELEMENT": "0.46213874317370496-2"
            },
            {
                "ELEMENT": "0.46213874317370496-3"
            },
            {
                "ELEMENT": "0.46213874317370496-4"
            }
        ],
        "preventDefault": {},
        "returnValue": true,
        "srcElement": null,
        "stopImmediatePropagation": {},
        "stopPropagation": {},
        "target": null,
        "timeStamp": 1022.0899999999347,
        "type": "load"
    }
}