<?xml version='1.0'?>
<ns2:test-suite xmlns:ns2='urn:model.allure.qatools.yandex.ru' start='1574561894813' stop='1574561903894'>
    <name>Monkey testing with gremlins </name>
    <title>Monkey testing with gremlins </title>
    <test-cases>
        <test-case start='1574561894814' status='failed' stop='1574561903872'>
            <name>it should not raise any error</name>
            <title>it should not raise any error</title>
            <labels>
                <label name='language' value='javascript'/>
                <label name='framework' value='wdio'/>
                <label name='thread' value='0-0'/>
            </labels>
            <parameters>
                <parameter kind='argument' name='browser' value='chrome'/>
                <parameter kind='environment-variable' name='capabilities' value='{"maxInstances":5,"browserName":"chrome"}'/>
                <parameter kind='environment-variable' name='spec files' value='["/home/njhurtado/MISO4208_201902_TestMen/testmen-worker-random/test/specs/gremlins-test.js"]'/>
            </parameters>
            <steps>
                <step start='1574561894819' status='passed' stop='1574561897133'>
                    <name>POST /wd/hub/session/040ccf4b39cd558a97f20b4b8f7d0db3/url</name>
                    <title>POST /wd/hub/session/040ccf4b39cd558a97f20b4b8f7d0db3/url</title>
                    <attachments>
                        <attachment title='Request' source='49f5f5a8-b71d-4eed-9ee9-f11270bd8406-attachment.json' type='application/json' size='43'/>
                        <attachment title='Response' source='6d2dad5c-af82-4e71-a0f3-c1158e9b0ec9-attachment.json' type='application/json' size='91'/>
                    </attachments>
                    <steps/>
                </step>
                <step start='1574561897144' status='passed' stop='1574561897177'>
                    <name>POST /wd/hub/session/040ccf4b39cd558a97f20b4b8f7d0db3/elements</name>
                    <title>POST /wd/hub/session/040ccf4b39cd558a97f20b4b8f7d0db3/elements</title>
                    <attachments>
                        <attachment title='Request' source='5f214861-43b3-4200-8cb7-ae828caa5115-attachment.json' type='application/json' size='60'/>
                        <attachment title='Response' source='1a56dd9e-c543-4f8e-8f6f-fc59a1ddc055-attachment.json' type='application/json' size='160'/>
                    </attachments>
                    <steps/>
                </step>
                <step start='1574561897178' status='passed' stop='1574561897212'>
                    <name>GET /wd/hub/session/040ccf4b39cd558a97f20b4b8f7d0db3/element/0.8175074712906198-1/displayed</name>
                    <title>GET /wd/hub/session/040ccf4b39cd558a97f20b4b8f7d0db3/element/0.8175074712906198-1/displayed</title>
                    <attachments>
                        <attachment title='Response' source='5be11cad-c4a4-41a7-a495-4aa6deb67223-attachment.json' type='application/json' size='91'/>
                    </attachments>
                    <steps/>
                </step>
                <step start='1574561897217' status='passed' stop='1574561897244'>
                    <name>POST /wd/hub/session/040ccf4b39cd558a97f20b4b8f7d0db3/element</name>
                    <title>POST /wd/hub/session/040ccf4b39cd558a97f20b4b8f7d0db3/element</title>
                    <attachments>
                        <attachment title='Request' source='38cb4c34-c885-4873-8285-c5260f66df31-attachment.json' type='application/json' size='60'/>
                        <attachment title='Response' source='e6798f38-fe6b-45d3-bd77-a812e48b8203-attachment.json' type='application/json' size='136'/>
                    </attachments>
                    <steps/>
                </step>
                <step start='1574561897249' status='passed' stop='1574561897277'>
                    <name>POST /wd/hub/session/040ccf4b39cd558a97f20b4b8f7d0db3/element/0.8175074712906198-1/element</name>
                    <title>POST /wd/hub/session/040ccf4b39cd558a97f20b4b8f7d0db3/element/0.8175074712906198-1/element</title>
                    <attachments>
                        <attachment title='Request' source='19284eb5-1557-419f-9375-32ce29e7f830-attachment.json' type='application/json' size='72'/>
                        <attachment title='Response' source='2d279ec1-fc50-4548-bbdf-183d127465c6-attachment.json' type='application/json' size='136'/>
                    </attachments>
                    <steps/>
                </step>
                <step start='1574561897282' status='passed' stop='1574561897358'>
                    <name>POST /wd/hub/session/040ccf4b39cd558a97f20b4b8f7d0db3/element/0.8175074712906198-2/click</name>
                    <title>POST /wd/hub/session/040ccf4b39cd558a97f20b4b8f7d0db3/element/0.8175074712906198-2/click</title>
                    <attachments>
                        <attachment title='Response' source='189a44c2-7b28-4ad5-90d2-bdf5c35dd183-attachment.json' type='application/json' size='91'/>
                    </attachments>
                    <steps/>
                </step>
                <step start='1574561897374' status='passed' stop='1574561897413'>
                    <name>POST /wd/hub/session/040ccf4b39cd558a97f20b4b8f7d0db3/keys</name>
                    <title>POST /wd/hub/session/040ccf4b39cd558a97f20b4b8f7d0db3/keys</title>
                    <attachments>
                        <attachment title='Request' source='3b7762c3-cb54-4385-9a66-d8618dd20b80-attachment.json' type='application/json' size='88'/>
                        <attachment title='Response' source='ef9d704e-9ddb-4b39-bec5-5e7826c0a2db-attachment.json' type='application/json' size='91'/>
                    </attachments>
                    <steps/>
                </step>
                <step start='1574561897418' status='passed' stop='1574561897443'>
                    <name>POST /wd/hub/session/040ccf4b39cd558a97f20b4b8f7d0db3/element/0.8175074712906198-1/element</name>
                    <title>POST /wd/hub/session/040ccf4b39cd558a97f20b4b8f7d0db3/element/0.8175074712906198-1/element</title>
                    <attachments>
                        <attachment title='Request' source='dcf68c49-fc79-4d95-a29b-1f6aed0bf481-attachment.json' type='application/json' size='72'/>
                        <attachment title='Response' source='ca146fa4-a339-4456-ab51-186f83ea913a-attachment.json' type='application/json' size='136'/>
                    </attachments>
                    <steps/>
                </step>
                <step start='1574561897450' status='passed' stop='1574561897514'>
                    <name>POST /wd/hub/session/040ccf4b39cd558a97f20b4b8f7d0db3/element/0.8175074712906198-3/click</name>
                    <title>POST /wd/hub/session/040ccf4b39cd558a97f20b4b8f7d0db3/element/0.8175074712906198-3/click</title>
                    <attachments>
                        <attachment title='Response' source='69ad9c4f-2ec0-4fcf-9799-be32f78a5c21-attachment.json' type='application/json' size='91'/>
                    </attachments>
                    <steps/>
                </step>
                <step start='1574561897518' status='passed' stop='1574561897573'>
                    <name>POST /wd/hub/session/040ccf4b39cd558a97f20b4b8f7d0db3/keys</name>
                    <title>POST /wd/hub/session/040ccf4b39cd558a97f20b4b8f7d0db3/keys</title>
                    <attachments>
                        <attachment title='Request' source='5ab6640b-3a58-4ae0-b9fe-468e54b9c0fc-attachment.json' type='application/json' size='153'/>
                        <attachment title='Response' source='863aa3fc-1797-4acf-878d-cedb791530fe-attachment.json' type='application/json' size='91'/>
                    </attachments>
                    <steps/>
                </step>
                <step start='1574561897575' status='passed' stop='1574561897605'>
                    <name>POST /wd/hub/session/040ccf4b39cd558a97f20b4b8f7d0db3/element/0.8175074712906198-1/element</name>
                    <title>POST /wd/hub/session/040ccf4b39cd558a97f20b4b8f7d0db3/element/0.8175074712906198-1/element</title>
                    <attachments>
                        <attachment title='Request' source='4d3d63d5-1d50-45a6-9af8-2662cee7c27b-attachment.json' type='application/json' size='70'/>
                        <attachment title='Response' source='32a70298-3017-4878-afed-855ebcd0cccb-attachment.json' type='application/json' size='136'/>
                    </attachments>
                    <steps/>
                </step>
                <step start='1574561897608' status='passed' stop='1574561898347'>
                    <name>POST /wd/hub/session/040ccf4b39cd558a97f20b4b8f7d0db3/element/0.8175074712906198-4/click</name>
                    <title>POST /wd/hub/session/040ccf4b39cd558a97f20b4b8f7d0db3/element/0.8175074712906198-4/click</title>
                    <attachments>
                        <attachment title='Response' source='f80c4d7b-515a-49e2-b08c-c39e4682ea68-attachment.json' type='application/json' size='91'/>
                    </attachments>
                    <steps/>
                </step>
                <step start='1574561898355' status='passed' stop='1574561898387'>
                    <name>POST /wd/hub/session/040ccf4b39cd558a97f20b4b8f7d0db3/elements</name>
                    <title>POST /wd/hub/session/040ccf4b39cd558a97f20b4b8f7d0db3/elements</title>
                    <attachments>
                        <attachment title='Request' source='35bf3651-30c9-4629-aad1-b3c348566280-attachment.json' type='application/json' size='62'/>
                        <attachment title='Response' source='158d3a54-c568-4fb9-8cf8-4008c1bee4a7-attachment.json' type='application/json' size='160'/>
                    </attachments>
                    <steps/>
                </step>
                <step start='1574561898388' status='passed' stop='1574561898415'>
                    <name>GET /wd/hub/session/040ccf4b39cd558a97f20b4b8f7d0db3/element/0.9354917648323149-1/displayed</name>
                    <title>GET /wd/hub/session/040ccf4b39cd558a97f20b4b8f7d0db3/element/0.9354917648323149-1/displayed</title>
                    <attachments>
                        <attachment title='Response' source='ad05f4d9-a3d6-4c90-b6f8-c73c750330e2-attachment.json' type='application/json' size='91'/>
                    </attachments>
                    <steps/>
                </step>
                <step start='1574561898417' status='passed' stop='1574561898443'>
                    <name>POST /wd/hub/session/040ccf4b39cd558a97f20b4b8f7d0db3/element</name>
                    <title>POST /wd/hub/session/040ccf4b39cd558a97f20b4b8f7d0db3/element</title>
                    <attachments>
                        <attachment title='Request' source='b8678fc2-8bb7-40e0-8d00-87806908722d-attachment.json' type='application/json' size='69'/>
                        <attachment title='Response' source='6210fe8e-0b42-4507-983a-cf481ba530be-attachment.json' type='application/json' size='136'/>
                    </attachments>
                    <steps/>
                </step>
                <step start='1574561898450' status='passed' stop='1574561898759'>
                    <name>POST /wd/hub/session/040ccf4b39cd558a97f20b4b8f7d0db3/element/0.9354917648323149-2/click</name>
                    <title>POST /wd/hub/session/040ccf4b39cd558a97f20b4b8f7d0db3/element/0.9354917648323149-2/click</title>
                    <attachments>
                        <attachment title='Response' source='3f32400f-f4b1-4d07-ade4-b7d4d2a7bea9-attachment.json' type='application/json' size='91'/>
                    </attachments>
                    <steps/>
                </step>
                <step start='1574561898766' status='passed' stop='1574561898836'>
                    <name>POST /wd/hub/session/040ccf4b39cd558a97f20b4b8f7d0db3/elements</name>
                    <title>POST /wd/hub/session/040ccf4b39cd558a97f20b4b8f7d0db3/elements</title>
                    <attachments>
                        <attachment title='Request' source='886f4883-71f7-44e9-a1a1-14455350c0dd-attachment.json' type='application/json' size='57'/>
                        <attachment title='Response' source='2d355f07-eb09-4b53-8db4-61b3dac66f09-attachment.json' type='application/json' size='159'/>
                    </attachments>
                    <steps/>
                </step>
                <step start='1574561898836' status='passed' stop='1574561898874'>
                    <name>GET /wd/hub/session/040ccf4b39cd558a97f20b4b8f7d0db3/element/0.184041336678457-1/displayed</name>
                    <title>GET /wd/hub/session/040ccf4b39cd558a97f20b4b8f7d0db3/element/0.184041336678457-1/displayed</title>
                    <attachments>
                        <attachment title='Response' source='0edb6dc7-72b2-41e1-8f01-c7c063bcf78b-attachment.json' type='application/json' size='91'/>
                    </attachments>
                    <steps/>
                </step>
                <step start='1574561898876' status='passed' stop='1574561898911'>
                    <name>POST /wd/hub/session/040ccf4b39cd558a97f20b4b8f7d0db3/element</name>
                    <title>POST /wd/hub/session/040ccf4b39cd558a97f20b4b8f7d0db3/element</title>
                    <attachments>
                        <attachment title='Request' source='c1518c62-62c8-4d37-a47b-dbdc772b97ed-attachment.json' type='application/json' size='83'/>
                        <attachment title='Response' source='60101e0a-07ad-4a86-afd1-48655f06447f-attachment.json' type='application/json' size='135'/>
                    </attachments>
                    <steps/>
                </step>
                <step start='1574561898914' status='passed' stop='1574561899342'>
                    <name>POST /wd/hub/session/040ccf4b39cd558a97f20b4b8f7d0db3/element/0.184041336678457-2/click</name>
                    <title>POST /wd/hub/session/040ccf4b39cd558a97f20b4b8f7d0db3/element/0.184041336678457-2/click</title>
                    <attachments>
                        <attachment title='Response' source='90929c81-53e6-40af-84eb-087cf91675d5-attachment.json' type='application/json' size='91'/>
                    </attachments>
                    <steps/>
                </step>
                <step start='1574561899349' status='passed' stop='1574561899358'>
                    <name>POST /wd/hub/session/040ccf4b39cd558a97f20b4b8f7d0db3/timeouts/async_script</name>
                    <title>POST /wd/hub/session/040ccf4b39cd558a97f20b4b8f7d0db3/timeouts/async_script</title>
                    <attachments>
                        <attachment title='Request' source='7fd6f1dd-d5d5-4df6-93ad-b14203155c8b-attachment.json' type='application/json' size='20'/>
                        <attachment title='Response' source='1c0b4ab5-4379-4629-9d77-690bab0f2c24-attachment.json' type='application/json' size='91'/>
                    </attachments>
                    <steps/>
                </step>
                <step start='1574561899363' status='passed' stop='1574561900109'>
                    <name>POST /wd/hub/session/040ccf4b39cd558a97f20b4b8f7d0db3/execute_async</name>
                    <title>POST /wd/hub/session/040ccf4b39cd558a97f20b4b8f7d0db3/execute_async</title>
                    <attachments>
                        <attachment title='Request' source='9340cc7d-6e76-4566-91b1-df3683dca704-attachment.json' type='application/json' size='412'/>
                        <attachment title='Response' source='c59d7973-990e-4992-ad0e-23f93222e68d-attachment.json' type='application/json' size='1074'/>
                    </attachments>
                    <steps/>
                </step>
                <step start='1574561900111' status='passed' stop='1574561900121'>
                    <name>POST /wd/hub/session/040ccf4b39cd558a97f20b4b8f7d0db3/timeouts/async_script</name>
                    <title>POST /wd/hub/session/040ccf4b39cd558a97f20b4b8f7d0db3/timeouts/async_script</title>
                    <attachments>
                        <attachment title='Request' source='5901b8b3-b492-4b43-b3e9-3305dd8502e9-attachment.json' type='application/json' size='20'/>
                        <attachment title='Response' source='00fc4d3b-eeaa-4bb3-81ba-ab1102cbe75d-attachment.json' type='application/json' size='91'/>
                    </attachments>
                    <steps/>
                </step>
                <step start='1574561900128' status='passed' stop='1574561903697'>
                    <name>POST /wd/hub/session/040ccf4b39cd558a97f20b4b8f7d0db3/execute_async</name>
                    <title>POST /wd/hub/session/040ccf4b39cd558a97f20b4b8f7d0db3/execute_async</title>
                    <attachments>
                        <attachment title='Request' source='12b30688-fcf2-44f8-ae5c-e2db37ec9a14-attachment.json' type='application/json' size='2279'/>
                        <attachment title='Response' source='912f3325-719f-4221-83c4-f89fe2dfd36c-attachment.json' type='application/json' size='1459'/>
                    </attachments>
                    <steps/>
                </step>
                <step start='1574561903702' status='failed' stop='1574561903871'>
                    <name>GET /wd/hub/session/040ccf4b39cd558a97f20b4b8f7d0db3/screenshot</name>
                    <title>GET /wd/hub/session/040ccf4b39cd558a97f20b4b8f7d0db3/screenshot</title>
                    <attachments>
                        <attachment title='Screenshot' source='b90ee9a3-c3c9-4293-a04f-800659b92438-attachment.png' type='image/png' size='54128'/>
                    </attachments>
                    <steps/>
                </step>
                <step start='1574561903873' status='passed' stop='1574561903889'>
                    <name>POST /wd/hub/session/040ccf4b39cd558a97f20b4b8f7d0db3/log</name>
                    <title>POST /wd/hub/session/040ccf4b39cd558a97f20b4b8f7d0db3/log</title>
                    <attachments>
                        <attachment title='Request' source='0c6b5da9-f007-4e16-ab9f-5ed76a7409da-attachment.json' type='application/json' size='25'/>
                        <attachment title='Response' source='087b58f0-7f6b-4ce0-90e9-22440daecb4e-attachment.json' type='application/json' size='15158'/>
                    </attachments>
                    <steps/>
                </step>
            </steps>
            <attachments/>
            <failure>
                <message>Failed: javascript error: Cannot read property 'createHorde' of undefined
                JavaScript stack:
                TypeError: Cannot read property 'createHorde' of undefined
                    at unleashGremlins (eval at executeAsyncScript (:457:5), &lt;anonymous>:33:31)
                    at eval (eval at executeAsyncScript (:457:5), &lt;anonymous>:56:4)
                    at eval (eval at executeAsyncScript (:457:5), &lt;anonymous>:56:29)
                    at executeAsyncScript (&lt;anonymous>:457:26)
                    at &lt;anonymous>:473:29
                    at callFunction (&lt;anonymous>:361:33)
                    at &lt;anonymous>:371:23
                    at &lt;anonymous>:372:3</message>
                <stack-trace>error properties: Object({ details: undefined, type: 'RuntimeError', seleniumStack: Object({ type: 'JavaScriptError', message: 'An error occurred while executing user supplied JavaScript.', orgStatusMessage: 'javascript error: Cannot read property 'createHorde' of undefined
                JavaScript stack:
                TypeError: Cannot read property 'createHorde' of undefined
                    at unleashGremlins (eval at executeAsyncScript (:457:5), &lt;anonymous>:33:31)
                    at eval (eval at executeAsyncScript (:457:5), &lt;anonymous>:56:4)
                    at eval (eval at executeAsyncScript (:457:5), &lt;anonymous>:56:29)
                    at executeAsyncScript (&lt;anonymous>:457:26)
                    at &lt;anonymous>:473:29
                    at callFunction (&lt;anonymous>:361:33)
                    at &lt;anonymous>:371:23
                    at &lt;anonymous>:372:3
                  (Session info: chrome=78.0.3904.70)
                  (Driver info: chromedriver=2.43.600233 (523efee95e3d68b8719b3a1c83051aa63aa6b10d),platform=Linux 5.0.0-32-generic x86_64)' }), shotTaken: true })
                    at &lt;Jasmine>
                    at executeAsync(&lt;Function>, 50000) - index.js:312:3</stack-trace>
            </failure>
        </test-case>
    </test-cases>
</ns2:test-suite>