<?xml version='1.0'?>
<ns2:test-suite xmlns:ns2='urn:model.allure.qatools.yandex.ru' start='1574562575654' stop='1574562580685'>
    <name>Monkey testing with gremlins </name>
    <title>Monkey testing with gremlins </title>
    <test-cases>
        <test-case start='1574562575655' status='failed' stop='1574562580669'>
            <name>it should not raise any error</name>
            <title>it should not raise any error</title>
            <labels>
                <label name='language' value='javascript'/>
                <label name='framework' value='wdio'/>
                <label name='thread' value='0-0'/>
            </labels>
            <parameters>
                <parameter kind='argument' name='browser' value='chrome'/>
                <parameter kind='environment-variable' name='capabilities' value='{"maxInstances":5,"browserName":"chrome"}'/>
                <parameter kind='environment-variable' name='spec files' value='["/home/njhurtado/MISO4208_201902_TestMen/testmen-worker-random/test/specs/gremlins-test.js"]'/>
            </parameters>
            <steps>
                <step start='1574562575661' status='passed' stop='1574562576430'>
                    <name>POST /wd/hub/session/f90760913f4fee80433579ea2ef4dc6c/url</name>
                    <title>POST /wd/hub/session/f90760913f4fee80433579ea2ef4dc6c/url</title>
                    <attachments>
                        <attachment title='Request' source='893a1482-3057-409d-944c-a73f11bc659a-attachment.json' type='application/json' size='43'/>
                        <attachment title='Response' source='66ee9f72-3e84-4c62-a71c-c88cb2efcdcc-attachment.json' type='application/json' size='91'/>
                    </attachments>
                    <steps/>
                </step>
                <step start='1574562576443' status='passed' stop='1574562576471'>
                    <name>POST /wd/hub/session/f90760913f4fee80433579ea2ef4dc6c/elements</name>
                    <title>POST /wd/hub/session/f90760913f4fee80433579ea2ef4dc6c/elements</title>
                    <attachments>
                        <attachment title='Request' source='fd9f8b2f-1fc9-49ea-844e-bff127592933-attachment.json' type='application/json' size='60'/>
                        <attachment title='Response' source='be2b01a7-d766-4a27-a461-cf530ead98c9-attachment.json' type='application/json' size='161'/>
                    </attachments>
                    <steps/>
                </step>
                <step start='1574562576473' status='passed' stop='1574562576498'>
                    <name>GET /wd/hub/session/f90760913f4fee80433579ea2ef4dc6c/element/0.24447675746185293-1/displayed</name>
                    <title>GET /wd/hub/session/f90760913f4fee80433579ea2ef4dc6c/element/0.24447675746185293-1/displayed</title>
                    <attachments>
                        <attachment title='Response' source='6a245607-3b3a-47b5-904a-d738eca9281d-attachment.json' type='application/json' size='91'/>
                    </attachments>
                    <steps/>
                </step>
                <step start='1574562576502' status='passed' stop='1574562576531'>
                    <name>POST /wd/hub/session/f90760913f4fee80433579ea2ef4dc6c/element</name>
                    <title>POST /wd/hub/session/f90760913f4fee80433579ea2ef4dc6c/element</title>
                    <attachments>
                        <attachment title='Request' source='ecbb7381-d9bd-4298-8af1-32c84723dd23-attachment.json' type='application/json' size='60'/>
                        <attachment title='Response' source='2c99b403-8a7e-49d7-a51b-7758d90ab83f-attachment.json' type='application/json' size='137'/>
                    </attachments>
                    <steps/>
                </step>
                <step start='1574562576534' status='passed' stop='1574562576562'>
                    <name>POST /wd/hub/session/f90760913f4fee80433579ea2ef4dc6c/element/0.24447675746185293-1/element</name>
                    <title>POST /wd/hub/session/f90760913f4fee80433579ea2ef4dc6c/element/0.24447675746185293-1/element</title>
                    <attachments>
                        <attachment title='Request' source='dfcfcd97-1222-424e-b5bf-d6da8e2c3091-attachment.json' type='application/json' size='72'/>
                        <attachment title='Response' source='2c2a017d-1dfe-4eff-9321-92b2ee0d661d-attachment.json' type='application/json' size='137'/>
                    </attachments>
                    <steps/>
                </step>
                <step start='1574562576571' status='passed' stop='1574562576643'>
                    <name>POST /wd/hub/session/f90760913f4fee80433579ea2ef4dc6c/element/0.24447675746185293-2/click</name>
                    <title>POST /wd/hub/session/f90760913f4fee80433579ea2ef4dc6c/element/0.24447675746185293-2/click</title>
                    <attachments>
                        <attachment title='Response' source='00df4337-e0dd-4896-8ec9-43b9a7500c4c-attachment.json' type='application/json' size='91'/>
                    </attachments>
                    <steps/>
                </step>
                <step start='1574562576665' status='passed' stop='1574562576708'>
                    <name>POST /wd/hub/session/f90760913f4fee80433579ea2ef4dc6c/keys</name>
                    <title>POST /wd/hub/session/f90760913f4fee80433579ea2ef4dc6c/keys</title>
                    <attachments>
                        <attachment title='Request' source='8c771c88-713b-43f1-98d7-847d618da9f4-attachment.json' type='application/json' size='88'/>
                        <attachment title='Response' source='e49b8077-d061-43cb-be44-39449c3a88f8-attachment.json' type='application/json' size='91'/>
                    </attachments>
                    <steps/>
                </step>
                <step start='1574562576711' status='passed' stop='1574562576741'>
                    <name>POST /wd/hub/session/f90760913f4fee80433579ea2ef4dc6c/element/0.24447675746185293-1/element</name>
                    <title>POST /wd/hub/session/f90760913f4fee80433579ea2ef4dc6c/element/0.24447675746185293-1/element</title>
                    <attachments>
                        <attachment title='Request' source='c97e2c78-973a-4e14-9169-9679d1f3ac3a-attachment.json' type='application/json' size='72'/>
                        <attachment title='Response' source='cf8f1e4a-b5ff-48db-8cca-caadc4d45bd4-attachment.json' type='application/json' size='137'/>
                    </attachments>
                    <steps/>
                </step>
                <step start='1574562576749' status='passed' stop='1574562576819'>
                    <name>POST /wd/hub/session/f90760913f4fee80433579ea2ef4dc6c/element/0.24447675746185293-3/click</name>
                    <title>POST /wd/hub/session/f90760913f4fee80433579ea2ef4dc6c/element/0.24447675746185293-3/click</title>
                    <attachments>
                        <attachment title='Response' source='e4c0744b-7a49-430a-876e-6a554d345283-attachment.json' type='application/json' size='91'/>
                    </attachments>
                    <steps/>
                </step>
                <step start='1574562576825' status='passed' stop='1574562576887'>
                    <name>POST /wd/hub/session/f90760913f4fee80433579ea2ef4dc6c/keys</name>
                    <title>POST /wd/hub/session/f90760913f4fee80433579ea2ef4dc6c/keys</title>
                    <attachments>
                        <attachment title='Request' source='305e9769-cbb2-49a9-8633-93c2aa41811e-attachment.json' type='application/json' size='153'/>
                        <attachment title='Response' source='627a246f-db97-4481-a424-49a42873a115-attachment.json' type='application/json' size='91'/>
                    </attachments>
                    <steps/>
                </step>
                <step start='1574562576891' status='passed' stop='1574562576929'>
                    <name>POST /wd/hub/session/f90760913f4fee80433579ea2ef4dc6c/element/0.24447675746185293-1/element</name>
                    <title>POST /wd/hub/session/f90760913f4fee80433579ea2ef4dc6c/element/0.24447675746185293-1/element</title>
                    <attachments>
                        <attachment title='Request' source='759f2b69-cc06-4c4f-8781-8c51b6f66d07-attachment.json' type='application/json' size='70'/>
                        <attachment title='Response' source='c168e3d5-4974-4c5b-946e-a6e150be44d5-attachment.json' type='application/json' size='137'/>
                    </attachments>
                    <steps/>
                </step>
                <step start='1574562576934' status='passed' stop='1574562578080'>
                    <name>POST /wd/hub/session/f90760913f4fee80433579ea2ef4dc6c/element/0.24447675746185293-4/click</name>
                    <title>POST /wd/hub/session/f90760913f4fee80433579ea2ef4dc6c/element/0.24447675746185293-4/click</title>
                    <attachments>
                        <attachment title='Response' source='d2fb4ebf-a031-4017-954c-33d821cd6474-attachment.json' type='application/json' size='91'/>
                    </attachments>
                    <steps/>
                </step>
                <step start='1574562578084' status='passed' stop='1574562578116'>
                    <name>POST /wd/hub/session/f90760913f4fee80433579ea2ef4dc6c/elements</name>
                    <title>POST /wd/hub/session/f90760913f4fee80433579ea2ef4dc6c/elements</title>
                    <attachments>
                        <attachment title='Request' source='3bbf68d6-1572-4be1-acfc-16189d8600ad-attachment.json' type='application/json' size='62'/>
                        <attachment title='Response' source='42eb51cd-be2b-494c-9569-1d053060e48a-attachment.json' type='application/json' size='160'/>
                    </attachments>
                    <steps/>
                </step>
                <step start='1574562578116' status='passed' stop='1574562578144'>
                    <name>GET /wd/hub/session/f90760913f4fee80433579ea2ef4dc6c/element/0.5415157998857729-1/displayed</name>
                    <title>GET /wd/hub/session/f90760913f4fee80433579ea2ef4dc6c/element/0.5415157998857729-1/displayed</title>
                    <attachments>
                        <attachment title='Response' source='ba7de9f9-76b9-4986-ac5e-55036e2e30d2-attachment.json' type='application/json' size='91'/>
                    </attachments>
                    <steps/>
                </step>
                <step start='1574562578153' status='passed' stop='1574562578180'>
                    <name>POST /wd/hub/session/f90760913f4fee80433579ea2ef4dc6c/element</name>
                    <title>POST /wd/hub/session/f90760913f4fee80433579ea2ef4dc6c/element</title>
                    <attachments>
                        <attachment title='Request' source='f8710f37-79f1-4a37-a367-0be4624a6d27-attachment.json' type='application/json' size='69'/>
                        <attachment title='Response' source='98bd9490-98ef-47f4-8a6e-ac47fa7fdc54-attachment.json' type='application/json' size='136'/>
                    </attachments>
                    <steps/>
                </step>
                <step start='1574562578192' status='passed' stop='1574562578533'>
                    <name>POST /wd/hub/session/f90760913f4fee80433579ea2ef4dc6c/element/0.5415157998857729-2/click</name>
                    <title>POST /wd/hub/session/f90760913f4fee80433579ea2ef4dc6c/element/0.5415157998857729-2/click</title>
                    <attachments>
                        <attachment title='Response' source='e3b03ccc-f850-4a90-8b2f-ff009f7b4011-attachment.json' type='application/json' size='91'/>
                    </attachments>
                    <steps/>
                </step>
                <step start='1574562578541' status='passed' stop='1574562578611'>
                    <name>POST /wd/hub/session/f90760913f4fee80433579ea2ef4dc6c/elements</name>
                    <title>POST /wd/hub/session/f90760913f4fee80433579ea2ef4dc6c/elements</title>
                    <attachments>
                        <attachment title='Request' source='a30c970e-eecc-4eb8-8884-fb28b625ca62-attachment.json' type='application/json' size='57'/>
                        <attachment title='Response' source='5802475a-a9f3-412c-ab8a-e0a67c7101e1-attachment.json' type='application/json' size='161'/>
                    </attachments>
                    <steps/>
                </step>
                <step start='1574562578612' status='passed' stop='1574562578637'>
                    <name>GET /wd/hub/session/f90760913f4fee80433579ea2ef4dc6c/element/0.26510591767942104-1/displayed</name>
                    <title>GET /wd/hub/session/f90760913f4fee80433579ea2ef4dc6c/element/0.26510591767942104-1/displayed</title>
                    <attachments>
                        <attachment title='Response' source='c181750a-2ac2-4419-91ef-4765cd239409-attachment.json' type='application/json' size='91'/>
                    </attachments>
                    <steps/>
                </step>
                <step start='1574562578639' status='passed' stop='1574562578671'>
                    <name>POST /wd/hub/session/f90760913f4fee80433579ea2ef4dc6c/element</name>
                    <title>POST /wd/hub/session/f90760913f4fee80433579ea2ef4dc6c/element</title>
                    <attachments>
                        <attachment title='Request' source='0915bd33-392f-40e0-bf20-c76236c73fe2-attachment.json' type='application/json' size='83'/>
                        <attachment title='Response' source='b12a1fd3-eb32-45e3-9c86-5e7554a3188f-attachment.json' type='application/json' size='137'/>
                    </attachments>
                    <steps/>
                </step>
                <step start='1574562578675' status='passed' stop='1574562579121'>
                    <name>POST /wd/hub/session/f90760913f4fee80433579ea2ef4dc6c/element/0.26510591767942104-2/click</name>
                    <title>POST /wd/hub/session/f90760913f4fee80433579ea2ef4dc6c/element/0.26510591767942104-2/click</title>
                    <attachments>
                        <attachment title='Response' source='bd709fed-bbdd-42f6-8688-a74c8dd81ff3-attachment.json' type='application/json' size='91'/>
                    </attachments>
                    <steps/>
                </step>
                <step start='1574562579125' status='passed' stop='1574562579134'>
                    <name>POST /wd/hub/session/f90760913f4fee80433579ea2ef4dc6c/timeouts/async_script</name>
                    <title>POST /wd/hub/session/f90760913f4fee80433579ea2ef4dc6c/timeouts/async_script</title>
                    <attachments>
                        <attachment title='Request' source='8cbd963d-2f8b-47b8-9846-83f995175a77-attachment.json' type='application/json' size='20'/>
                        <attachment title='Response' source='8849edb3-5475-4446-a03f-30253cbf1ba1-attachment.json' type='application/json' size='91'/>
                    </attachments>
                    <steps/>
                </step>
                <step start='1574562579137' status='passed' stop='1574562579787'>
                    <name>POST /wd/hub/session/f90760913f4fee80433579ea2ef4dc6c/execute_async</name>
                    <title>POST /wd/hub/session/f90760913f4fee80433579ea2ef4dc6c/execute_async</title>
                    <attachments>
                        <attachment title='Request' source='dd8d76aa-a3b5-443d-aee6-cd461e09b6c6-attachment.json' type='application/json' size='412'/>
                        <attachment title='Response' source='91c96b10-1962-4776-8695-2be007cb661b-attachment.json' type='application/json' size='1070'/>
                    </attachments>
                    <steps/>
                </step>
                <step start='1574562579790' status='passed' stop='1574562579799'>
                    <name>POST /wd/hub/session/f90760913f4fee80433579ea2ef4dc6c/timeouts/async_script</name>
                    <title>POST /wd/hub/session/f90760913f4fee80433579ea2ef4dc6c/timeouts/async_script</title>
                    <attachments>
                        <attachment title='Request' source='c600ce95-325f-408d-8e0a-7bca7c15c0a2-attachment.json' type='application/json' size='20'/>
                        <attachment title='Response' source='f3b2f2cb-dbda-4bbb-9df0-8b78cf01cd90-attachment.json' type='application/json' size='91'/>
                    </attachments>
                    <steps/>
                </step>
                <step start='1574562579804' status='passed' stop='1574562580457'>
                    <name>POST /wd/hub/session/f90760913f4fee80433579ea2ef4dc6c/execute_async</name>
                    <title>POST /wd/hub/session/f90760913f4fee80433579ea2ef4dc6c/execute_async</title>
                    <attachments>
                        <attachment title='Request' source='e1d94350-3f70-43bb-b5fe-eafc2e3bff91-attachment.json' type='application/json' size='2279'/>
                        <attachment title='Response' source='39a64a0f-face-4d66-8e4b-7e6255464058-attachment.json' type='application/json' size='1459'/>
                    </attachments>
                    <steps/>
                </step>
                <step start='1574562580462' status='failed' stop='1574562580669'>
                    <name>GET /wd/hub/session/f90760913f4fee80433579ea2ef4dc6c/screenshot</name>
                    <title>GET /wd/hub/session/f90760913f4fee80433579ea2ef4dc6c/screenshot</title>
                    <attachments>
                        <attachment title='Screenshot' source='57930362-66ba-4904-8f95-3d06d9c000b6-attachment.png' type='image/png' size='53032'/>
                    </attachments>
                    <steps/>
                </step>
                <step start='1574562580671' status='passed' stop='1574562580681'>
                    <name>POST /wd/hub/session/f90760913f4fee80433579ea2ef4dc6c/log</name>
                    <title>POST /wd/hub/session/f90760913f4fee80433579ea2ef4dc6c/log</title>
                    <attachments>
                        <attachment title='Request' source='987a511b-d93c-45e7-a06b-049c0ddefb7e-attachment.json' type='application/json' size='25'/>
                        <attachment title='Response' source='16e5cc1f-b620-4c9d-a565-b8b47a9b2676-attachment.json' type='application/json' size='2869'/>
                    </attachments>
                    <steps/>
                </step>
            </steps>
            <attachments/>
            <failure>
                <message>Failed: javascript error: Cannot read property 'createHorde' of undefined
                JavaScript stack:
                TypeError: Cannot read property 'createHorde' of undefined
                    at unleashGremlins (eval at executeAsyncScript (:457:5), &lt;anonymous>:33:31)
                    at eval (eval at executeAsyncScript (:457:5), &lt;anonymous>:56:4)
                    at eval (eval at executeAsyncScript (:457:5), &lt;anonymous>:56:29)
                    at executeAsyncScript (&lt;anonymous>:457:26)
                    at &lt;anonymous>:473:29
                    at callFunction (&lt;anonymous>:361:33)
                    at &lt;anonymous>:371:23
                    at &lt;anonymous>:372:3</message>
                <stack-trace>error properties: Object({ details: undefined, type: 'RuntimeError', seleniumStack: Object({ type: 'JavaScriptError', message: 'An error occurred while executing user supplied JavaScript.', orgStatusMessage: 'javascript error: Cannot read property 'createHorde' of undefined
                JavaScript stack:
                TypeError: Cannot read property 'createHorde' of undefined
                    at unleashGremlins (eval at executeAsyncScript (:457:5), &lt;anonymous>:33:31)
                    at eval (eval at executeAsyncScript (:457:5), &lt;anonymous>:56:4)
                    at eval (eval at executeAsyncScript (:457:5), &lt;anonymous>:56:29)
                    at executeAsyncScript (&lt;anonymous>:457:26)
                    at &lt;anonymous>:473:29
                    at callFunction (&lt;anonymous>:361:33)
                    at &lt;anonymous>:371:23
                    at &lt;anonymous>:372:3
                  (Session info: chrome=78.0.3904.70)
                  (Driver info: chromedriver=2.43.600233 (523efee95e3d68b8719b3a1c83051aa63aa6b10d),platform=Linux 5.0.0-32-generic x86_64)' }), shotTaken: true })
                    at &lt;Jasmine>
                    at executeAsync(&lt;Function>, 50000) - index.js:312:3</stack-trace>
            </failure>
        </test-case>
    </test-cases>
</ns2:test-suite>