<?xml version='1.0'?>
<ns2:test-suite xmlns:ns2='urn:model.allure.qatools.yandex.ru' start='1574563916764' stop='1574563922262'>
    <name>Monkey testing with gremlins </name>
    <title>Monkey testing with gremlins </title>
    <test-cases>
        <test-case start='1574563916765' status='passed' stop='1574563922230'>
            <name>it should not raise any error</name>
            <title>it should not raise any error</title>
            <labels>
                <label name='language' value='javascript'/>
                <label name='framework' value='wdio'/>
                <label name='thread' value='0-0'/>
            </labels>
            <parameters>
                <parameter kind='argument' name='browser' value='chrome'/>
                <parameter kind='environment-variable' name='capabilities' value='{"maxInstances":5,"browserName":"chrome"}'/>
                <parameter kind='environment-variable' name='spec files' value='["/home/njhurtado/MISO4208_201902_TestMen/testmen-worker-random/test/specs/gremlins-test.js"]'/>
            </parameters>
            <steps>
                <step start='1574563916770' status='passed' stop='1574563917184'>
                    <name>POST /wd/hub/session/1da519592c2c6f1626501748cff69cee/url</name>
                    <title>POST /wd/hub/session/1da519592c2c6f1626501748cff69cee/url</title>
                    <attachments>
                        <attachment title='Request' source='11081ea2-05fe-411c-9de9-6b3f7bf3ecac-attachment.json' type='application/json' size='43'/>
                        <attachment title='Response' source='c6bad15f-62ef-41ba-af49-6a03dcf090bb-attachment.json' type='application/json' size='91'/>
                    </attachments>
                    <steps/>
                </step>
                <step start='1574563917196' status='passed' stop='1574563917223'>
                    <name>POST /wd/hub/session/1da519592c2c6f1626501748cff69cee/elements</name>
                    <title>POST /wd/hub/session/1da519592c2c6f1626501748cff69cee/elements</title>
                    <attachments>
                        <attachment title='Request' source='403e7584-0abf-4946-9c23-43dad36edb00-attachment.json' type='application/json' size='60'/>
                        <attachment title='Response' source='a21b3573-4557-4f77-8a9f-b14f8b15cab5-attachment.json' type='application/json' size='161'/>
                    </attachments>
                    <steps/>
                </step>
                <step start='1574563917225' status='passed' stop='1574563917253'>
                    <name>GET /wd/hub/session/1da519592c2c6f1626501748cff69cee/element/0.14365917720875387-1/displayed</name>
                    <title>GET /wd/hub/session/1da519592c2c6f1626501748cff69cee/element/0.14365917720875387-1/displayed</title>
                    <attachments>
                        <attachment title='Response' source='230570e5-ee48-49dd-9d60-918728798cf1-attachment.json' type='application/json' size='91'/>
                    </attachments>
                    <steps/>
                </step>
                <step start='1574563917257' status='passed' stop='1574563917284'>
                    <name>POST /wd/hub/session/1da519592c2c6f1626501748cff69cee/element</name>
                    <title>POST /wd/hub/session/1da519592c2c6f1626501748cff69cee/element</title>
                    <attachments>
                        <attachment title='Request' source='bf621f09-da28-4bdb-94c6-ae62286f904e-attachment.json' type='application/json' size='60'/>
                        <attachment title='Response' source='b0067814-411d-43be-b339-978972e34066-attachment.json' type='application/json' size='137'/>
                    </attachments>
                    <steps/>
                </step>
                <step start='1574563917289' status='passed' stop='1574563917321'>
                    <name>POST /wd/hub/session/1da519592c2c6f1626501748cff69cee/element/0.14365917720875387-1/element</name>
                    <title>POST /wd/hub/session/1da519592c2c6f1626501748cff69cee/element/0.14365917720875387-1/element</title>
                    <attachments>
                        <attachment title='Request' source='26103fe3-ab8e-4ff4-80bb-732c35eb18e8-attachment.json' type='application/json' size='72'/>
                        <attachment title='Response' source='60c02e64-2e13-4869-88a0-c3028f06ba7b-attachment.json' type='application/json' size='137'/>
                    </attachments>
                    <steps/>
                </step>
                <step start='1574563917326' status='passed' stop='1574563917397'>
                    <name>POST /wd/hub/session/1da519592c2c6f1626501748cff69cee/element/0.14365917720875387-2/click</name>
                    <title>POST /wd/hub/session/1da519592c2c6f1626501748cff69cee/element/0.14365917720875387-2/click</title>
                    <attachments>
                        <attachment title='Response' source='d66d209f-9cb5-437e-933a-0c77b4faf495-attachment.json' type='application/json' size='91'/>
                    </attachments>
                    <steps/>
                </step>
                <step start='1574563917411' status='passed' stop='1574563917463'>
                    <name>POST /wd/hub/session/1da519592c2c6f1626501748cff69cee/keys</name>
                    <title>POST /wd/hub/session/1da519592c2c6f1626501748cff69cee/keys</title>
                    <attachments>
                        <attachment title='Request' source='3d969fdd-cc67-4062-98ff-06036320a964-attachment.json' type='application/json' size='88'/>
                        <attachment title='Response' source='ad685d91-7c49-4887-9da6-9c112e3fb615-attachment.json' type='application/json' size='91'/>
                    </attachments>
                    <steps/>
                </step>
                <step start='1574563917463' status='passed' stop='1574563917496'>
                    <name>POST /wd/hub/session/1da519592c2c6f1626501748cff69cee/element/0.14365917720875387-1/element</name>
                    <title>POST /wd/hub/session/1da519592c2c6f1626501748cff69cee/element/0.14365917720875387-1/element</title>
                    <attachments>
                        <attachment title='Request' source='04a8df0f-bbfe-44f8-875b-6ecd8fe28503-attachment.json' type='application/json' size='72'/>
                        <attachment title='Response' source='1c15f030-5a7f-4621-b875-5b0bcf005770-attachment.json' type='application/json' size='137'/>
                    </attachments>
                    <steps/>
                </step>
                <step start='1574563917497' status='passed' stop='1574563917562'>
                    <name>POST /wd/hub/session/1da519592c2c6f1626501748cff69cee/element/0.14365917720875387-3/click</name>
                    <title>POST /wd/hub/session/1da519592c2c6f1626501748cff69cee/element/0.14365917720875387-3/click</title>
                    <attachments>
                        <attachment title='Response' source='2facf97b-7cd1-4965-9824-0450dd791d6b-attachment.json' type='application/json' size='91'/>
                    </attachments>
                    <steps/>
                </step>
                <step start='1574563917563' status='passed' stop='1574563917619'>
                    <name>POST /wd/hub/session/1da519592c2c6f1626501748cff69cee/keys</name>
                    <title>POST /wd/hub/session/1da519592c2c6f1626501748cff69cee/keys</title>
                    <attachments>
                        <attachment title='Request' source='e66b628b-ebbe-4a3b-b24e-d679c571d2bf-attachment.json' type='application/json' size='153'/>
                        <attachment title='Response' source='2b4a9fe9-8096-413f-89cc-e537fc53349e-attachment.json' type='application/json' size='91'/>
                    </attachments>
                    <steps/>
                </step>
                <step start='1574563917625' status='passed' stop='1574563917654'>
                    <name>POST /wd/hub/session/1da519592c2c6f1626501748cff69cee/element/0.14365917720875387-1/element</name>
                    <title>POST /wd/hub/session/1da519592c2c6f1626501748cff69cee/element/0.14365917720875387-1/element</title>
                    <attachments>
                        <attachment title='Request' source='0c52ac5e-9028-492d-a201-71800b200075-attachment.json' type='application/json' size='70'/>
                        <attachment title='Response' source='8ca2824a-05de-4e87-8566-95d969cf2220-attachment.json' type='application/json' size='137'/>
                    </attachments>
                    <steps/>
                </step>
                <step start='1574563917657' status='passed' stop='1574563918437'>
                    <name>POST /wd/hub/session/1da519592c2c6f1626501748cff69cee/element/0.14365917720875387-4/click</name>
                    <title>POST /wd/hub/session/1da519592c2c6f1626501748cff69cee/element/0.14365917720875387-4/click</title>
                    <attachments>
                        <attachment title='Response' source='94dbaa5d-ecf3-4a45-a9d1-faf4d8e46d20-attachment.json' type='application/json' size='91'/>
                    </attachments>
                    <steps/>
                </step>
                <step start='1574563918442' status='passed' stop='1574563918469'>
                    <name>POST /wd/hub/session/1da519592c2c6f1626501748cff69cee/elements</name>
                    <title>POST /wd/hub/session/1da519592c2c6f1626501748cff69cee/elements</title>
                    <attachments>
                        <attachment title='Request' source='459054e2-3b0d-4e4c-b8ad-ffb212f740bb-attachment.json' type='application/json' size='62'/>
                        <attachment title='Response' source='1aff3fe7-5bb2-4a31-bc56-06e2040ca7ea-attachment.json' type='application/json' size='162'/>
                    </attachments>
                    <steps/>
                </step>
                <step start='1574563918470' status='passed' stop='1574563918501'>
                    <name>GET /wd/hub/session/1da519592c2c6f1626501748cff69cee/element/0.019733312886589305-1/displayed</name>
                    <title>GET /wd/hub/session/1da519592c2c6f1626501748cff69cee/element/0.019733312886589305-1/displayed</title>
                    <attachments>
                        <attachment title='Response' source='33cefac7-eade-4f70-a27b-fce8e1425101-attachment.json' type='application/json' size='91'/>
                    </attachments>
                    <steps/>
                </step>
                <step start='1574563918509' status='passed' stop='1574563918536'>
                    <name>POST /wd/hub/session/1da519592c2c6f1626501748cff69cee/element</name>
                    <title>POST /wd/hub/session/1da519592c2c6f1626501748cff69cee/element</title>
                    <attachments>
                        <attachment title='Request' source='d4a08040-3779-4810-b60a-97764cac2ddd-attachment.json' type='application/json' size='69'/>
                        <attachment title='Response' source='7b40c3e5-d4c9-4c6a-9590-53f7842d7300-attachment.json' type='application/json' size='138'/>
                    </attachments>
                    <steps/>
                </step>
                <step start='1574563918541' status='passed' stop='1574563918914'>
                    <name>POST /wd/hub/session/1da519592c2c6f1626501748cff69cee/element/0.019733312886589305-2/click</name>
                    <title>POST /wd/hub/session/1da519592c2c6f1626501748cff69cee/element/0.019733312886589305-2/click</title>
                    <attachments>
                        <attachment title='Response' source='8b7e1b81-9e9f-40a3-9fbf-a84e1564fd30-attachment.json' type='application/json' size='91'/>
                    </attachments>
                    <steps/>
                </step>
                <step start='1574563918929' status='passed' stop='1574563918965'>
                    <name>POST /wd/hub/session/1da519592c2c6f1626501748cff69cee/elements</name>
                    <title>POST /wd/hub/session/1da519592c2c6f1626501748cff69cee/elements</title>
                    <attachments>
                        <attachment title='Request' source='e95477ee-93f4-4fcc-b0fd-c7124d1010cc-attachment.json' type='application/json' size='57'/>
                        <attachment title='Response' source='3625ee6b-8044-47ca-9c47-2b1a6c5f42bf-attachment.json' type='application/json' size='159'/>
                    </attachments>
                    <steps/>
                </step>
                <step start='1574563918965' status='passed' stop='1574563918996'>
                    <name>GET /wd/hub/session/1da519592c2c6f1626501748cff69cee/element/0.614734340658144-1/displayed</name>
                    <title>GET /wd/hub/session/1da519592c2c6f1626501748cff69cee/element/0.614734340658144-1/displayed</title>
                    <attachments>
                        <attachment title='Response' source='ca22f072-b17d-4c27-8184-8fd0a4530c6e-attachment.json' type='application/json' size='91'/>
                    </attachments>
                    <steps/>
                </step>
                <step start='1574563918999' status='passed' stop='1574563919028'>
                    <name>POST /wd/hub/session/1da519592c2c6f1626501748cff69cee/element</name>
                    <title>POST /wd/hub/session/1da519592c2c6f1626501748cff69cee/element</title>
                    <attachments>
                        <attachment title='Request' source='b9cad650-6acd-4038-97cb-5db959998cd1-attachment.json' type='application/json' size='93'/>
                        <attachment title='Response' source='d4a8d2e9-1881-4247-a3db-7c601a17b176-attachment.json' type='application/json' size='135'/>
                    </attachments>
                    <steps/>
                </step>
                <step start='1574563919032' status='passed' stop='1574563919473'>
                    <name>POST /wd/hub/session/1da519592c2c6f1626501748cff69cee/element/0.614734340658144-2/click</name>
                    <title>POST /wd/hub/session/1da519592c2c6f1626501748cff69cee/element/0.614734340658144-2/click</title>
                    <attachments>
                        <attachment title='Response' source='1e7a6aa5-845f-4219-82e1-89674168c7d9-attachment.json' type='application/json' size='91'/>
                    </attachments>
                    <steps/>
                </step>
                <step start='1574563919479' status='passed' stop='1574563919487'>
                    <name>POST /wd/hub/session/1da519592c2c6f1626501748cff69cee/timeouts/async_script</name>
                    <title>POST /wd/hub/session/1da519592c2c6f1626501748cff69cee/timeouts/async_script</title>
                    <attachments>
                        <attachment title='Request' source='8092233f-2647-41bf-b1ce-3b557945ba63-attachment.json' type='application/json' size='20'/>
                        <attachment title='Response' source='624dc2c1-5660-4eca-9af9-ab1f08d59e75-attachment.json' type='application/json' size='91'/>
                    </attachments>
                    <steps/>
                </step>
                <step start='1574563919491' status='passed' stop='1574563920543'>
                    <name>POST /wd/hub/session/1da519592c2c6f1626501748cff69cee/execute_async</name>
                    <title>POST /wd/hub/session/1da519592c2c6f1626501748cff69cee/execute_async</title>
                    <attachments>
                        <attachment title='Request' source='39b77797-4b1a-4482-bab4-aa67847ff7b9-attachment.json' type='application/json' size='412'/>
                        <attachment title='Response' source='1a19f09f-f1b6-4458-a2c3-fc5138034cf2-attachment.json' type='application/json' size='1070'/>
                    </attachments>
                    <steps/>
                </step>
                <step start='1574563920545' status='passed' stop='1574563920583'>
                    <name>POST /wd/hub/session/1da519592c2c6f1626501748cff69cee/timeouts/async_script</name>
                    <title>POST /wd/hub/session/1da519592c2c6f1626501748cff69cee/timeouts/async_script</title>
                    <attachments>
                        <attachment title='Request' source='caac38d5-4eea-4f37-ae1c-e064f34d79c4-attachment.json' type='application/json' size='20'/>
                        <attachment title='Response' source='d01c0c96-3211-4d0e-b514-5da273b4e670-attachment.json' type='application/json' size='91'/>
                    </attachments>
                    <steps/>
                </step>
                <step start='1574563920587' status='passed' stop='1574563922225'>
                    <name>POST /wd/hub/session/1da519592c2c6f1626501748cff69cee/execute_async</name>
                    <title>POST /wd/hub/session/1da519592c2c6f1626501748cff69cee/execute_async</title>
                    <attachments>
                        <attachment title='Request' source='9825e588-81da-43c7-ad01-5419b5a9c6e3-attachment.json' type='application/json' size='2307'/>
                        <attachment title='Response' source='07669727-91a8-434e-af96-f28c9e4dc6db-attachment.json' type='application/json' size='91'/>
                    </attachments>
                    <steps/>
                </step>
                <step start='1574563922232' status='passed' stop='1574563922254'>
                    <name>POST /wd/hub/session/1da519592c2c6f1626501748cff69cee/log</name>
                    <title>POST /wd/hub/session/1da519592c2c6f1626501748cff69cee/log</title>
                    <attachments>
                        <attachment title='Request' source='f881402d-ba1b-46f4-9ee1-57d35e288f31-attachment.json' type='application/json' size='25'/>
                        <attachment title='Response' source='a6579848-ca20-4a03-a83a-9e9efd94d2b5-attachment.json' type='application/json' size='7851'/>
                    </attachments>
                    <steps/>
                </step>
            </steps>
            <attachments/>
        </test-case>
    </test-cases>
</ns2:test-suite>