{
    "sessionId": "2d0aa966c988e7787f0cd7c8e51f33d2",
    "status": 0,
    "value": {
        "AT_TARGET": 2,
        "BUBBLING_PHASE": 3,
        "CAPTURING_PHASE": 1,
        "NONE": 0,
        "bubbles": false,
        "cancelBubble": false,
        "cancelable": false,
        "composed": false,
        "composedPath": {},
        "currentTarget": null,
        "defaultPrevented": false,
        "eventPhase": 0,
        "initEvent": {},
        "isTrusted": true,
        "path": [
            {
                "ELEMENT": "0.7065091293553316-1"
            },
            {
                "ELEMENT": "0.7065091293553316-2"
            },
            {
                "ELEMENT": "0.7065091293553316-3"
            },
            {
                "ELEMENT": "0.7065091293553316-4"
            }
        ],
        "preventDefault": {},
        "returnValue": true,
        "srcElement": null,
        "stopImmediatePropagation": {},
        "stopPropagation": {},
        "target": null,
        "timeStamp": 959.2700000002878,
        "type": "load"
    }
}